Controller.<>.i1	
Controller.<>.i2	
Controller.<>.o1	
Controller.=.i1	
Controller.=.i2	
Controller.=.o1	
Controller.1 gain.i1	
Controller.1 gain.o1	
Controller.Micro850.Micro850.__SYSVA_ABORT_CYCLE	
Controller.Micro850.Micro850.__SYSVA_CCEXEC	
Controller.Micro850.Micro850.__SYSVA_CYCLECNT	
Controller.Micro850.Micro850.__SYSVA_CYCLEDATE	
Controller.Micro850.Micro850.__SYSVA_FIRST_SCAN	
Controller.Micro850.Micro850.__SYSVA_KVBCERR	
Controller.Micro850.Micro850.__SYSVA_KVBPERR	
Controller.Micro850.Micro850.__SYSVA_MAJ_ERR_HALT	
Controller.Micro850.Micro850.__SYSVA_POWERUP_BIT	
Controller.Micro850.Micro850.__SYSVA_PROJ_INCOMPLETE	
Controller.Micro850.Micro850.__SYSVA_REMOTE	
Controller.Micro850.Micro850.__SYSVA_RESMODE	
Controller.Micro850.Micro850.__SYSVA_RESNAME	
Controller.Micro850.Micro850.__SYSVA_SCANCNT	
Controller.Micro850.Micro850.__SYSVA_SUSPEND_ID	
Controller.Micro850.Micro850.__SYSVA_TCYCURRENT	
Controller.Micro850.Micro850.__SYSVA_TCYCYCTIME	
Controller.Micro850.Micro850.__SYSVA_TCYMAXIMUM	
Controller.Micro850.Micro850.__SYSVA_TCYOVERFLOW	
Controller.Micro850.Micro850.__SYSVA_TCYWDG	
Controller.Micro850.Micro850.__SYSVA_USER_DATA_LOST	
Controller.Micro850.Micro850._IO_EM_DI_00	
Controller.Micro850.Micro850._IO_EM_DI_01	
Controller.Micro850.Micro850._IO_EM_DI_02	
Controller.Micro850.Micro850._IO_EM_DI_03	
Controller.Micro850.Micro850._IO_EM_DI_04	
Controller.Micro850.Micro850._IO_EM_DI_05	
Controller.Micro850.Micro850._IO_EM_DI_06	
Controller.Micro850.Micro850._IO_EM_DI_07	
Controller.Micro850.Micro850._IO_EM_DI_08	
Controller.Micro850.Micro850._IO_EM_DI_09	
Controller.Micro850.Micro850._IO_EM_DI_10	
Controller.Micro850.Micro850._IO_EM_DI_11	
Controller.Micro850.Micro850._IO_EM_DI_12	
Controller.Micro850.Micro850._IO_EM_DI_13	
Controller.Micro850.Micro850._IO_EM_DO_00	
Controller.Micro850.Micro850._IO_EM_DO_01	
Controller.Micro850.Micro850._IO_EM_DO_02	
Controller.Micro850.Micro850._IO_EM_DO_03	
Controller.Micro850.Micro850._IO_EM_DO_04	
Controller.Micro850.Micro850._IO_EM_DO_05	
Controller.Micro850.Micro850._IO_EM_DO_06	
Controller.Micro850.Micro850._IO_EM_DO_07	
Controller.Micro850.Micro850._IO_EM_DO_08	
Controller.Micro850.Micro850._IO_EM_DO_09	
Controller.Micro850.Micro850.All_Enable	
Controller.Micro850.Micro850.All_Status	
Controller.Micro850.Micro850.All_Time	
Controller.Micro850.Micro850.Encoder.HSC_Data.__ADI_PlsData	
Controller.Micro850.Micro850.Encoder.HSC_Data.Enable	
Controller.Micro850.Micro850.Encoder.HSC_Data.HscAppData.Accumulator	
Controller.Micro850.Micro850.Encoder.HSC_Data.HscAppData.HPOutput	
Controller.Micro850.Micro850.Encoder.HSC_Data.HscAppData.HPSetting	
Controller.Micro850.Micro850.Encoder.HSC_Data.HscAppData.HscID	
Controller.Micro850.Micro850.Encoder.HSC_Data.HscAppData.HscMode	
Controller.Micro850.Micro850.Encoder.HSC_Data.HscAppData.LPOutput	
Controller.Micro850.Micro850.Encoder.HSC_Data.HscAppData.LPSetting	
Controller.Micro850.Micro850.Encoder.HSC_Data.HscAppData.OFSetting	
Controller.Micro850.Micro850.Encoder.HSC_Data.HscAppData.OutputMask	
Controller.Micro850.Micro850.Encoder.HSC_Data.HscAppData.PlsEnable	
Controller.Micro850.Micro850.Encoder.HSC_Data.HscAppData.UFSetting	
Controller.Micro850.Micro850.Encoder.HSC_Data.HscCmd	
Controller.Micro850.Micro850.Encoder.HSC_Data.HscStsInfo.Accumulator	
Controller.Micro850.Micro850.Encoder.HSC_Data.HscStsInfo.CountDir	
Controller.Micro850.Micro850.Encoder.HSC_Data.HscStsInfo.CountDwnFlag	
Controller.Micro850.Micro850.Encoder.HSC_Data.HscStsInfo.CountEnable	
Controller.Micro850.Micro850.Encoder.HSC_Data.HscStsInfo.CountUpFlag	
Controller.Micro850.Micro850.Encoder.HSC_Data.HscStsInfo.ErrorCode	
Controller.Micro850.Micro850.Encoder.HSC_Data.HscStsInfo.ErrorDetected	
Controller.Micro850.Micro850.Encoder.HSC_Data.HscStsInfo.HP	
Controller.Micro850.Micro850.Encoder.HSC_Data.HscStsInfo.HPCauseInter	
Controller.Micro850.Micro850.Encoder.HSC_Data.HscStsInfo.HPOutput	
Controller.Micro850.Micro850.Encoder.HSC_Data.HscStsInfo.HPReached	
Controller.Micro850.Micro850.Encoder.HSC_Data.HscStsInfo.LP	
Controller.Micro850.Micro850.Encoder.HSC_Data.HscStsInfo.LPCauseInter	
Controller.Micro850.Micro850.Encoder.HSC_Data.HscStsInfo.LPOutput	
Controller.Micro850.Micro850.Encoder.HSC_Data.HscStsInfo.LPReached	
Controller.Micro850.Micro850.Encoder.HSC_Data.HscStsInfo.Mode1Done	
Controller.Micro850.Micro850.Encoder.HSC_Data.HscStsInfo.OFCauseInter	
Controller.Micro850.Micro850.Encoder.HSC_Data.HscStsInfo.OVF	
Controller.Micro850.Micro850.Encoder.HSC_Data.HscStsInfo.PlsPosition	
Controller.Micro850.Micro850.Encoder.HSC_Data.HscStsInfo.UFCauseInter	
Controller.Micro850.Micro850.Encoder.HSC_Data.HscStsInfo.UNF	
Controller.Micro850.Micro850.Encoder.HSC_Data.PlsData[1].HscHP	
Controller.Micro850.Micro850.Encoder.HSC_Data.PlsData[1].HscHPOutPut	
Controller.Micro850.Micro850.Encoder.HSC_Data.PlsData[1].HscLP	
Controller.Micro850.Micro850.Encoder.HSC_Data.PlsData[1].HscLPOutPut	
Controller.Micro850.Micro850.Encoder.HSC_Data.Sts	
Controller.Micro850.Micro850.Encoder.HscAppData.Accumulator	
Controller.Micro850.Micro850.Encoder.HscAppData.HPOutput	
Controller.Micro850.Micro850.Encoder.HscAppData.HPSetting	
Controller.Micro850.Micro850.Encoder.HscAppData.HscID	
Controller.Micro850.Micro850.Encoder.HscAppData.HscMode	
Controller.Micro850.Micro850.Encoder.HscAppData.LPOutput	
Controller.Micro850.Micro850.Encoder.HscAppData.LPSetting	
Controller.Micro850.Micro850.Encoder.HscAppData.OFSetting	
Controller.Micro850.Micro850.Encoder.HscAppData.OutputMask	
Controller.Micro850.Micro850.Encoder.HscAppData.PlsEnable	
Controller.Micro850.Micro850.Encoder.HscAppData.UFSetting	
Controller.Micro850.Micro850.Encoder.HscCmd	
Controller.Micro850.Micro850.Encoder.HscStsInfo.Accumulator	
Controller.Micro850.Micro850.Encoder.HscStsInfo.CountDir	
Controller.Micro850.Micro850.Encoder.HscStsInfo.CountDwnFlag	
Controller.Micro850.Micro850.Encoder.HscStsInfo.CountEnable	
Controller.Micro850.Micro850.Encoder.HscStsInfo.CountUpFlag	
Controller.Micro850.Micro850.Encoder.HscStsInfo.ErrorCode	
Controller.Micro850.Micro850.Encoder.HscStsInfo.ErrorDetected	
Controller.Micro850.Micro850.Encoder.HscStsInfo.HP	
Controller.Micro850.Micro850.Encoder.HscStsInfo.HPCauseInter	
Controller.Micro850.Micro850.Encoder.HscStsInfo.HPOutput	
Controller.Micro850.Micro850.Encoder.HscStsInfo.HPReached	
Controller.Micro850.Micro850.Encoder.HscStsInfo.LP	
Controller.Micro850.Micro850.Encoder.HscStsInfo.LPCauseInter	
Controller.Micro850.Micro850.Encoder.HscStsInfo.LPOutput	
Controller.Micro850.Micro850.Encoder.HscStsInfo.LPReached	
Controller.Micro850.Micro850.Encoder.HscStsInfo.Mode1Done	
Controller.Micro850.Micro850.Encoder.HscStsInfo.OFCauseInter	
Controller.Micro850.Micro850.Encoder.HscStsInfo.OVF	
Controller.Micro850.Micro850.Encoder.HscStsInfo.PlsPosition	
Controller.Micro850.Micro850.Encoder.HscStsInfo.UFCauseInter	
Controller.Micro850.Micro850.Encoder.HscStsInfo.UNF	
Controller.Micro850.Micro850.Encoder.PlsData[1].HscHP	
Controller.Micro850.Micro850.Encoder.PlsData[1].HscHPOutPut	
Controller.Micro850.Micro850.Encoder.PlsData[1].HscLP	
Controller.Micro850.Micro850.Encoder.PlsData[1].HscLPOutPut	
Controller.Micro850.Micro850.Encoder.Pulse_2_Distance	
Controller.Micro850.Micro850.Encoder.Pulse_Abs	
Controller.Micro850.Micro850.Encoder.Pulse_Real	
Controller.Micro850.Micro850.Encoder.Sts	
Controller.Micro850.Micro850.Frequency_Feedback	
Controller.Micro850.Micro850.Frequency_Set	
Controller.Micro850.Micro850.Motor.AccelTime1	
Controller.Micro850.Micro850.Motor.ClrFault	
Controller.Micro850.Micro850.Motor.DecelTime1	
Controller.Micro850.Micro850.Motor.EnetCtrlTO_sec	
Controller.Micro850.Micro850.Motor.IPAddress	
Controller.Micro850.Micro850.Motor.Jog	
Controller.Micro850.Micro850.Motor.RA_PFx_ENET_STS_CMD_1.AccelTime	
Controller.Micro850.Micro850.Motor.RA_PFx_ENET_STS_CMD_1.AccelTime1	
Controller.Micro850.Micro850.Motor.RA_PFx_ENET_STS_CMD_1.AccelTimeHi	
Controller.Micro850.Micro850.Motor.RA_PFx_ENET_STS_CMD_1.AccelTimeLow	
Controller.Micro850.Micro850.Motor.RA_PFx_ENET_STS_CMD_1.Active	
Controller.Micro850.Micro850.Motor.RA_PFx_ENET_STS_CMD_1.AtRef	
Controller.Micro850.Micro850.Motor.RA_PFx_ENET_STS_CMD_1.BadDrvNumber	
Controller.Micro850.Micro850.Motor.RA_PFx_ENET_STS_CMD_1.ClrFault	
Controller.Micro850.Micro850.Motor.RA_PFx_ENET_STS_CMD_1.CmdAppCfg.Attribute	
Controller.Micro850.Micro850.Motor.RA_PFx_ENET_STS_CMD_1.CmdAppCfg.Class	
Controller.Micro850.Micro850.Motor.RA_PFx_ENET_STS_CMD_1.CmdAppCfg.Instance	
Controller.Micro850.Micro850.Motor.RA_PFx_ENET_STS_CMD_1.CmdAppCfg.MemberCnt	
Controller.Micro850.Micro850.Motor.RA_PFx_ENET_STS_CMD_1.CmdAppCfg.MemberId[0]	
Controller.Micro850.Micro850.Motor.RA_PFx_ENET_STS_CMD_1.CmdAppCfg.MemberId[1]	
Controller.Micro850.Micro850.Motor.RA_PFx_ENET_STS_CMD_1.CmdAppCfg.MemberId[2]	
Controller.Micro850.Micro850.Motor.RA_PFx_ENET_STS_CMD_1.CmdAppCfg.Service	
Controller.Micro850.Micro850.Motor.RA_PFx_ENET_STS_CMD_1.CmdCtrlCfg.Cancel	
Controller.Micro850.Micro850.Motor.RA_PFx_ENET_STS_CMD_1.CmdCtrlCfg.StrMode	
Controller.Micro850.Micro850.Motor.RA_PFx_ENET_STS_CMD_1.CmdCtrlCfg.TriggerType	
Controller.Micro850.Micro850.Motor.RA_PFx_ENET_STS_CMD_1.CmdFwd	
Controller.Micro850.Micro850.Motor.RA_PFx_ENET_STS_CMD_1.CmdReqData[1]	
Controller.Micro850.Micro850.Motor.RA_PFx_ENET_STS_CMD_1.CmdReqData[2]	
Controller.Micro850.Micro850.Motor.RA_PFx_ENET_STS_CMD_1.CmdReqData[3]	
Controller.Micro850.Micro850.Motor.RA_PFx_ENET_STS_CMD_1.CmdReqData[4]	
Controller.Micro850.Micro850.Motor.RA_PFx_ENET_STS_CMD_1.CmdReqData1	
Controller.Micro850.Micro850.Motor.RA_PFx_ENET_STS_CMD_1.CmdRev	
Controller.Micro850.Micro850.Motor.RA_PFx_ENET_STS_CMD_1.CmdSpeed	
Controller.Micro850.Micro850.Motor.RA_PFx_ENET_STS_CMD_1.CmdTarCfg.CipConnMode	
Controller.Micro850.Micro850.Motor.RA_PFx_ENET_STS_CMD_1.CmdTarCfg.ConnClose	
Controller.Micro850.Micro850.Motor.RA_PFx_ENET_STS_CMD_1.CmdTarCfg.ConnMsgTimeout	
Controller.Micro850.Micro850.Motor.RA_PFx_ENET_STS_CMD_1.CmdTarCfg.Path	
Controller.Micro850.Micro850.Motor.RA_PFx_ENET_STS_CMD_1.CmdTarCfg.UcmmTimeout	
Controller.Micro850.Micro850.Motor.RA_PFx_ENET_STS_CMD_1.ComConClose	
Controller.Micro850.Micro850.Motor.RA_PFx_ENET_STS_CMD_1.ComConMode	
Controller.Micro850.Micro850.Motor.RA_PFx_ENET_STS_CMD_1.ComConMsgTimeOut	
Controller.Micro850.Micro850.Motor.RA_PFx_ENET_STS_CMD_1.CommLoss	
Controller.Micro850.Micro850.Motor.RA_PFx_ENET_STS_CMD_1.ComTargetPath	
Controller.Micro850.Micro850.Motor.RA_PFx_ENET_STS_CMD_1.ComTriggerType	
Controller.Micro850.Micro850.Motor.RA_PFx_ENET_STS_CMD_1.ComUcTimeOut	
Controller.Micro850.Micro850.Motor.RA_PFx_ENET_STS_CMD_1.COP_1.__ADI_Dest	
Controller.Micro850.Micro850.Motor.RA_PFx_ENET_STS_CMD_1.COP_1.__ADI_Src	
Controller.Micro850.Micro850.Motor.RA_PFx_ENET_STS_CMD_1.COP_1.__DTI_Dest	
Controller.Micro850.Micro850.Motor.RA_PFx_ENET_STS_CMD_1.COP_1.__DTI_Src	
Controller.Micro850.Micro850.Motor.RA_PFx_ENET_STS_CMD_1.COP_1.Dest[1]	
Controller.Micro850.Micro850.Motor.RA_PFx_ENET_STS_CMD_1.COP_1.DestOffset	
Controller.Micro850.Micro850.Motor.RA_PFx_ENET_STS_CMD_1.COP_1.Enable	
Controller.Micro850.Micro850.Motor.RA_PFx_ENET_STS_CMD_1.COP_1.Length	
Controller.Micro850.Micro850.Motor.RA_PFx_ENET_STS_CMD_1.COP_1.Src[1]	
Controller.Micro850.Micro850.Motor.RA_PFx_ENET_STS_CMD_1.COP_1.SrcOffset	
Controller.Micro850.Micro850.Motor.RA_PFx_ENET_STS_CMD_1.COP_1.Sts	
Controller.Micro850.Micro850.Motor.RA_PFx_ENET_STS_CMD_1.COP_1.Swap	
Controller.Micro850.Micro850.Motor.RA_PFx_ENET_STS_CMD_1.DCBusVoltage	
Controller.Micro850.Micro850.Motor.RA_PFx_ENET_STS_CMD_1.DCBusVoltageDiv	
Controller.Micro850.Micro850.Motor.RA_PFx_ENET_STS_CMD_1.DecelTime	
Controller.Micro850.Micro850.Motor.RA_PFx_ENET_STS_CMD_1.DecelTime1	
Controller.Micro850.Micro850.Motor.RA_PFx_ENET_STS_CMD_1.DecelTimeHi	
Controller.Micro850.Micro850.Motor.RA_PFx_ENET_STS_CMD_1.DecelTimeLow	
Controller.Micro850.Micro850.Motor.RA_PFx_ENET_STS_CMD_1.DriveFault	
Controller.Micro850.Micro850.Motor.RA_PFx_ENET_STS_CMD_1.DriveType	
Controller.Micro850.Micro850.Motor.RA_PFx_ENET_STS_CMD_1.DrvTypeAppCfg.Attribute	
Controller.Micro850.Micro850.Motor.RA_PFx_ENET_STS_CMD_1.DrvTypeAppCfg.Class	
Controller.Micro850.Micro850.Motor.RA_PFx_ENET_STS_CMD_1.DrvTypeAppCfg.Instance	
Controller.Micro850.Micro850.Motor.RA_PFx_ENET_STS_CMD_1.DrvTypeAppCfg.MemberCnt	
Controller.Micro850.Micro850.Motor.RA_PFx_ENET_STS_CMD_1.DrvTypeAppCfg.MemberId[0]	
Controller.Micro850.Micro850.Motor.RA_PFx_ENET_STS_CMD_1.DrvTypeAppCfg.MemberId[1]	
Controller.Micro850.Micro850.Motor.RA_PFx_ENET_STS_CMD_1.DrvTypeAppCfg.MemberId[2]	
Controller.Micro850.Micro850.Motor.RA_PFx_ENET_STS_CMD_1.DrvTypeAppCfg.Service	
Controller.Micro850.Micro850.Motor.RA_PFx_ENET_STS_CMD_1.DrvTypeChar[0]	
Controller.Micro850.Micro850.Motor.RA_PFx_ENET_STS_CMD_1.DrvTypeChar[1]	
Controller.Micro850.Micro850.Motor.RA_PFx_ENET_STS_CMD_1.DrvTypeChar[10]	
Controller.Micro850.Micro850.Motor.RA_PFx_ENET_STS_CMD_1.DrvTypeChar[11]	
Controller.Micro850.Micro850.Motor.RA_PFx_ENET_STS_CMD_1.DrvTypeChar[12]	
Controller.Micro850.Micro850.Motor.RA_PFx_ENET_STS_CMD_1.DrvTypeChar[13]	
Controller.Micro850.Micro850.Motor.RA_PFx_ENET_STS_CMD_1.DrvTypeChar[14]	
Controller.Micro850.Micro850.Motor.RA_PFx_ENET_STS_CMD_1.DrvTypeChar[15]	
Controller.Micro850.Micro850.Motor.RA_PFx_ENET_STS_CMD_1.DrvTypeChar[16]	
Controller.Micro850.Micro850.Motor.RA_PFx_ENET_STS_CMD_1.DrvTypeChar[2]	
Controller.Micro850.Micro850.Motor.RA_PFx_ENET_STS_CMD_1.DrvTypeChar[3]	
Controller.Micro850.Micro850.Motor.RA_PFx_ENET_STS_CMD_1.DrvTypeChar[4]	
Controller.Micro850.Micro850.Motor.RA_PFx_ENET_STS_CMD_1.DrvTypeChar[5]	
Controller.Micro850.Micro850.Motor.RA_PFx_ENET_STS_CMD_1.DrvTypeChar[6]	
Controller.Micro850.Micro850.Motor.RA_PFx_ENET_STS_CMD_1.DrvTypeChar[7]	
Controller.Micro850.Micro850.Motor.RA_PFx_ENET_STS_CMD_1.DrvTypeChar[8]	
Controller.Micro850.Micro850.Motor.RA_PFx_ENET_STS_CMD_1.DrvTypeChar[9]	
Controller.Micro850.Micro850.Motor.RA_PFx_ENET_STS_CMD_1.DrvTypeCtrlCfg.Cancel	
Controller.Micro850.Micro850.Motor.RA_PFx_ENET_STS_CMD_1.DrvTypeCtrlCfg.StrMode	
Controller.Micro850.Micro850.Motor.RA_PFx_ENET_STS_CMD_1.DrvTypeCtrlCfg.TriggerType	
Controller.Micro850.Micro850.Motor.RA_PFx_ENET_STS_CMD_1.DrvTypeResData[1]	
Controller.Micro850.Micro850.Motor.RA_PFx_ENET_STS_CMD_1.DrvTypeResData[10]	
Controller.Micro850.Micro850.Motor.RA_PFx_ENET_STS_CMD_1.DrvTypeResData[11]	
Controller.Micro850.Micro850.Motor.RA_PFx_ENET_STS_CMD_1.DrvTypeResData[12]	
Controller.Micro850.Micro850.Motor.RA_PFx_ENET_STS_CMD_1.DrvTypeResData[13]	
Controller.Micro850.Micro850.Motor.RA_PFx_ENET_STS_CMD_1.DrvTypeResData[14]	
Controller.Micro850.Micro850.Motor.RA_PFx_ENET_STS_CMD_1.DrvTypeResData[15]	
Controller.Micro850.Micro850.Motor.RA_PFx_ENET_STS_CMD_1.DrvTypeResData[16]	
Controller.Micro850.Micro850.Motor.RA_PFx_ENET_STS_CMD_1.DrvTypeResData[2]	
Controller.Micro850.Micro850.Motor.RA_PFx_ENET_STS_CMD_1.DrvTypeResData[3]	
Controller.Micro850.Micro850.Motor.RA_PFx_ENET_STS_CMD_1.DrvTypeResData[4]	
Controller.Micro850.Micro850.Motor.RA_PFx_ENET_STS_CMD_1.DrvTypeResData[5]	
Controller.Micro850.Micro850.Motor.RA_PFx_ENET_STS_CMD_1.DrvTypeResData[6]	
Controller.Micro850.Micro850.Motor.RA_PFx_ENET_STS_CMD_1.DrvTypeResData[7]	
Controller.Micro850.Micro850.Motor.RA_PFx_ENET_STS_CMD_1.DrvTypeResData[8]	
Controller.Micro850.Micro850.Motor.RA_PFx_ENET_STS_CMD_1.DrvTypeResData[9]	
Controller.Micro850.Micro850.Motor.RA_PFx_ENET_STS_CMD_1.DrvTypeString[1]	
Controller.Micro850.Micro850.Motor.RA_PFx_ENET_STS_CMD_1.DrvTypeTarCfg.CipConnMode	
Controller.Micro850.Micro850.Motor.RA_PFx_ENET_STS_CMD_1.DrvTypeTarCfg.ConnClose	
Controller.Micro850.Micro850.Motor.RA_PFx_ENET_STS_CMD_1.DrvTypeTarCfg.ConnMsgTimeout	
Controller.Micro850.Micro850.Motor.RA_PFx_ENET_STS_CMD_1.DrvTypeTarCfg.Path	
Controller.Micro850.Micro850.Motor.RA_PFx_ENET_STS_CMD_1.DrvTypeTarCfg.UcmmTimeout	
Controller.Micro850.Micro850.Motor.RA_PFx_ENET_STS_CMD_1.Enet_ErrCnt	
Controller.Micro850.Micro850.Motor.RA_PFx_ENET_STS_CMD_1.EnetCtrlTO_sec	
Controller.Micro850.Micro850.Motor.RA_PFx_ENET_STS_CMD_1.EnetPort	
Controller.Micro850.Micro850.Motor.RA_PFx_ENET_STS_CMD_1.EnetPortAppCfg.Attribute	
Controller.Micro850.Micro850.Motor.RA_PFx_ENET_STS_CMD_1.EnetPortAppCfg.Class	
Controller.Micro850.Micro850.Motor.RA_PFx_ENET_STS_CMD_1.EnetPortAppCfg.Instance	
Controller.Micro850.Micro850.Motor.RA_PFx_ENET_STS_CMD_1.EnetPortAppCfg.MemberCnt	
Controller.Micro850.Micro850.Motor.RA_PFx_ENET_STS_CMD_1.EnetPortAppCfg.MemberId[0]	
Controller.Micro850.Micro850.Motor.RA_PFx_ENET_STS_CMD_1.EnetPortAppCfg.MemberId[1]	
Controller.Micro850.Micro850.Motor.RA_PFx_ENET_STS_CMD_1.EnetPortAppCfg.MemberId[2]	
Controller.Micro850.Micro850.Motor.RA_PFx_ENET_STS_CMD_1.EnetPortAppCfg.Service	
Controller.Micro850.Micro850.Motor.RA_PFx_ENET_STS_CMD_1.EnetPortCtrlCfg.Cancel	
Controller.Micro850.Micro850.Motor.RA_PFx_ENET_STS_CMD_1.EnetPortCtrlCfg.StrMode	
Controller.Micro850.Micro850.Motor.RA_PFx_ENET_STS_CMD_1.EnetPortCtrlCfg.TriggerType	
Controller.Micro850.Micro850.Motor.RA_PFx_ENET_STS_CMD_1.EnetPortResData[1]	
Controller.Micro850.Micro850.Motor.RA_PFx_ENET_STS_CMD_1.EnetPortResData[2]	
Controller.Micro850.Micro850.Motor.RA_PFx_ENET_STS_CMD_1.EnetPortTarCfg.CipConnMode	
Controller.Micro850.Micro850.Motor.RA_PFx_ENET_STS_CMD_1.EnetPortTarCfg.ConnClose	
Controller.Micro850.Micro850.Motor.RA_PFx_ENET_STS_CMD_1.EnetPortTarCfg.ConnMsgTimeout	
Controller.Micro850.Micro850.Motor.RA_PFx_ENET_STS_CMD_1.EnetPortTarCfg.Path	
Controller.Micro850.Micro850.Motor.RA_PFx_ENET_STS_CMD_1.EnetPortTarCfg.UcmmTimeout	
Controller.Micro850.Micro850.Motor.RA_PFx_ENET_STS_CMD_1.FaultCode	
Controller.Micro850.Micro850.Motor.RA_PFx_ENET_STS_CMD_1.FBEN	
Controller.Micro850.Micro850.Motor.RA_PFx_ENET_STS_CMD_1.FBEN_RTRIG.CLK	
Controller.Micro850.Micro850.Motor.RA_PFx_ENET_STS_CMD_1.FBEN_RTRIG.Q	
Controller.Micro850.Micro850.Motor.RA_PFx_ENET_STS_CMD_1.FBEN_RTRIG.Redge	
Controller.Micro850.Micro850.Motor.RA_PFx_ENET_STS_CMD_1.FBENO	
Controller.Micro850.Micro850.Motor.RA_PFx_ENET_STS_CMD_1.FBError	
Controller.Micro850.Micro850.Motor.RA_PFx_ENET_STS_CMD_1.Index	
Controller.Micro850.Micro850.Motor.RA_PFx_ENET_STS_CMD_1.Initialized	
Controller.Micro850.Micro850.Motor.RA_PFx_ENET_STS_CMD_1.InputHz	
Controller.Micro850.Micro850.Motor.RA_PFx_ENET_STS_CMD_1.InputHzHigh	
Controller.Micro850.Micro850.Motor.RA_PFx_ENET_STS_CMD_1.InputHzLow	
Controller.Micro850.Micro850.Motor.RA_PFx_ENET_STS_CMD_1.IPAddress	
Controller.Micro850.Micro850.Motor.RA_PFx_ENET_STS_CMD_1.Jog	
Controller.Micro850.Micro850.Motor.RA_PFx_ENET_STS_CMD_1.MSG_Cmd.__ADI_ReqData	
Controller.Micro850.Micro850.Motor.RA_PFx_ENET_STS_CMD_1.MSG_Cmd.__ADI_ResData	
Controller.Micro850.Micro850.Motor.RA_PFx_ENET_STS_CMD_1.MSG_Cmd.AppCfg.Attribute	
Controller.Micro850.Micro850.Motor.RA_PFx_ENET_STS_CMD_1.MSG_Cmd.AppCfg.Class	
Controller.Micro850.Micro850.Motor.RA_PFx_ENET_STS_CMD_1.MSG_Cmd.AppCfg.Instance	
Controller.Micro850.Micro850.Motor.RA_PFx_ENET_STS_CMD_1.MSG_Cmd.AppCfg.MemberCnt	
Controller.Micro850.Micro850.Motor.RA_PFx_ENET_STS_CMD_1.MSG_Cmd.AppCfg.MemberId[0]	
Controller.Micro850.Micro850.Motor.RA_PFx_ENET_STS_CMD_1.MSG_Cmd.AppCfg.MemberId[1]	
Controller.Micro850.Micro850.Motor.RA_PFx_ENET_STS_CMD_1.MSG_Cmd.AppCfg.MemberId[2]	
Controller.Micro850.Micro850.Motor.RA_PFx_ENET_STS_CMD_1.MSG_Cmd.AppCfg.Service	
Controller.Micro850.Micro850.Motor.RA_PFx_ENET_STS_CMD_1.MSG_Cmd.ctrl	
Controller.Micro850.Micro850.Motor.RA_PFx_ENET_STS_CMD_1.MSG_Cmd.CtrlCfg.Cancel	
Controller.Micro850.Micro850.Motor.RA_PFx_ENET_STS_CMD_1.MSG_Cmd.CtrlCfg.StrMode	
Controller.Micro850.Micro850.Motor.RA_PFx_ENET_STS_CMD_1.MSG_Cmd.CtrlCfg.TriggerType	
Controller.Micro850.Micro850.Motor.RA_PFx_ENET_STS_CMD_1.MSG_Cmd.IN	
Controller.Micro850.Micro850.Motor.RA_PFx_ENET_STS_CMD_1.MSG_Cmd.lpnum	
Controller.Micro850.Micro850.Motor.RA_PFx_ENET_STS_CMD_1.MSG_Cmd.mtim	
Controller.Micro850.Micro850.Motor.RA_PFx_ENET_STS_CMD_1.MSG_Cmd.nfb	
Controller.Micro850.Micro850.Motor.RA_PFx_ENET_STS_CMD_1.MSG_Cmd.pfb	
Controller.Micro850.Micro850.Motor.RA_PFx_ENET_STS_CMD_1.MSG_Cmd.Q	
Controller.Micro850.Micro850.Motor.RA_PFx_ENET_STS_CMD_1.MSG_Cmd.ReqData[1]	
Controller.Micro850.Micro850.Motor.RA_PFx_ENET_STS_CMD_1.MSG_Cmd.ReqLength	
Controller.Micro850.Micro850.Motor.RA_PFx_ENET_STS_CMD_1.MSG_Cmd.ResData[1]	
Controller.Micro850.Micro850.Motor.RA_PFx_ENET_STS_CMD_1.MSG_Cmd.ResLength	
Controller.Micro850.Micro850.Motor.RA_PFx_ENET_STS_CMD_1.MSG_Cmd.Status.Error	
Controller.Micro850.Micro850.Motor.RA_PFx_ENET_STS_CMD_1.MSG_Cmd.Status.ErrorID	
Controller.Micro850.Micro850.Motor.RA_PFx_ENET_STS_CMD_1.MSG_Cmd.Status.ExtErrorID	
Controller.Micro850.Micro850.Motor.RA_PFx_ENET_STS_CMD_1.MSG_Cmd.Status.StatusBits	
Controller.Micro850.Micro850.Motor.RA_PFx_ENET_STS_CMD_1.MSG_Cmd.Status.SubErrorID	
Controller.Micro850.Micro850.Motor.RA_PFx_ENET_STS_CMD_1.MSG_Cmd.TargetCfg.CipConnMode	
Controller.Micro850.Micro850.Motor.RA_PFx_ENET_STS_CMD_1.MSG_Cmd.TargetCfg.ConnClose	
Controller.Micro850.Micro850.Motor.RA_PFx_ENET_STS_CMD_1.MSG_Cmd.TargetCfg.ConnMsgTimeout	
Controller.Micro850.Micro850.Motor.RA_PFx_ENET_STS_CMD_1.MSG_Cmd.TargetCfg.Path	
Controller.Micro850.Micro850.Motor.RA_PFx_ENET_STS_CMD_1.MSG_Cmd.TargetCfg.UcmmTimeout	
Controller.Micro850.Micro850.Motor.RA_PFx_ENET_STS_CMD_1.MSG_DrvType.__ADI_ReqData	
Controller.Micro850.Micro850.Motor.RA_PFx_ENET_STS_CMD_1.MSG_DrvType.__ADI_ResData	
Controller.Micro850.Micro850.Motor.RA_PFx_ENET_STS_CMD_1.MSG_DrvType.AppCfg.Attribute	
Controller.Micro850.Micro850.Motor.RA_PFx_ENET_STS_CMD_1.MSG_DrvType.AppCfg.Class	
Controller.Micro850.Micro850.Motor.RA_PFx_ENET_STS_CMD_1.MSG_DrvType.AppCfg.Instance	
Controller.Micro850.Micro850.Motor.RA_PFx_ENET_STS_CMD_1.MSG_DrvType.AppCfg.MemberCnt	
Controller.Micro850.Micro850.Motor.RA_PFx_ENET_STS_CMD_1.MSG_DrvType.AppCfg.MemberId[0]	
Controller.Micro850.Micro850.Motor.RA_PFx_ENET_STS_CMD_1.MSG_DrvType.AppCfg.MemberId[1]	
Controller.Micro850.Micro850.Motor.RA_PFx_ENET_STS_CMD_1.MSG_DrvType.AppCfg.MemberId[2]	
Controller.Micro850.Micro850.Motor.RA_PFx_ENET_STS_CMD_1.MSG_DrvType.AppCfg.Service	
Controller.Micro850.Micro850.Motor.RA_PFx_ENET_STS_CMD_1.MSG_DrvType.ctrl	
Controller.Micro850.Micro850.Motor.RA_PFx_ENET_STS_CMD_1.MSG_DrvType.CtrlCfg.Cancel	
Controller.Micro850.Micro850.Motor.RA_PFx_ENET_STS_CMD_1.MSG_DrvType.CtrlCfg.StrMode	
Controller.Micro850.Micro850.Motor.RA_PFx_ENET_STS_CMD_1.MSG_DrvType.CtrlCfg.TriggerType	
Controller.Micro850.Micro850.Motor.RA_PFx_ENET_STS_CMD_1.MSG_DrvType.IN	
Controller.Micro850.Micro850.Motor.RA_PFx_ENET_STS_CMD_1.MSG_DrvType.lpnum	
Controller.Micro850.Micro850.Motor.RA_PFx_ENET_STS_CMD_1.MSG_DrvType.mtim	
Controller.Micro850.Micro850.Motor.RA_PFx_ENET_STS_CMD_1.MSG_DrvType.nfb	
Controller.Micro850.Micro850.Motor.RA_PFx_ENET_STS_CMD_1.MSG_DrvType.pfb	
Controller.Micro850.Micro850.Motor.RA_PFx_ENET_STS_CMD_1.MSG_DrvType.Q	
Controller.Micro850.Micro850.Motor.RA_PFx_ENET_STS_CMD_1.MSG_DrvType.ReqData[1]	
Controller.Micro850.Micro850.Motor.RA_PFx_ENET_STS_CMD_1.MSG_DrvType.ReqLength	
Controller.Micro850.Micro850.Motor.RA_PFx_ENET_STS_CMD_1.MSG_DrvType.ResData[1]	
Controller.Micro850.Micro850.Motor.RA_PFx_ENET_STS_CMD_1.MSG_DrvType.ResLength	
Controller.Micro850.Micro850.Motor.RA_PFx_ENET_STS_CMD_1.MSG_DrvType.Status.Error	
Controller.Micro850.Micro850.Motor.RA_PFx_ENET_STS_CMD_1.MSG_DrvType.Status.ErrorID	
Controller.Micro850.Micro850.Motor.RA_PFx_ENET_STS_CMD_1.MSG_DrvType.Status.ExtErrorID	
Controller.Micro850.Micro850.Motor.RA_PFx_ENET_STS_CMD_1.MSG_DrvType.Status.StatusBits	
Controller.Micro850.Micro850.Motor.RA_PFx_ENET_STS_CMD_1.MSG_DrvType.Status.SubErrorID	
Controller.Micro850.Micro850.Motor.RA_PFx_ENET_STS_CMD_1.MSG_DrvType.TargetCfg.CipConnMode	
Controller.Micro850.Micro850.Motor.RA_PFx_ENET_STS_CMD_1.MSG_DrvType.TargetCfg.ConnClose	
Controller.Micro850.Micro850.Motor.RA_PFx_ENET_STS_CMD_1.MSG_DrvType.TargetCfg.ConnMsgTimeout	
Controller.Micro850.Micro850.Motor.RA_PFx_ENET_STS_CMD_1.MSG_DrvType.TargetCfg.Path	
Controller.Micro850.Micro850.Motor.RA_PFx_ENET_STS_CMD_1.MSG_DrvType.TargetCfg.UcmmTimeout	
Controller.Micro850.Micro850.Motor.RA_PFx_ENET_STS_CMD_1.MSG_EnetPort.__ADI_ReqData	
Controller.Micro850.Micro850.Motor.RA_PFx_ENET_STS_CMD_1.MSG_EnetPort.__ADI_ResData	
Controller.Micro850.Micro850.Motor.RA_PFx_ENET_STS_CMD_1.MSG_EnetPort.AppCfg.Attribute	
Controller.Micro850.Micro850.Motor.RA_PFx_ENET_STS_CMD_1.MSG_EnetPort.AppCfg.Class	
Controller.Micro850.Micro850.Motor.RA_PFx_ENET_STS_CMD_1.MSG_EnetPort.AppCfg.Instance	
Controller.Micro850.Micro850.Motor.RA_PFx_ENET_STS_CMD_1.MSG_EnetPort.AppCfg.MemberCnt	
Controller.Micro850.Micro850.Motor.RA_PFx_ENET_STS_CMD_1.MSG_EnetPort.AppCfg.MemberId[0]	
Controller.Micro850.Micro850.Motor.RA_PFx_ENET_STS_CMD_1.MSG_EnetPort.AppCfg.MemberId[1]	
Controller.Micro850.Micro850.Motor.RA_PFx_ENET_STS_CMD_1.MSG_EnetPort.AppCfg.MemberId[2]	
Controller.Micro850.Micro850.Motor.RA_PFx_ENET_STS_CMD_1.MSG_EnetPort.AppCfg.Service	
Controller.Micro850.Micro850.Motor.RA_PFx_ENET_STS_CMD_1.MSG_EnetPort.ctrl	
Controller.Micro850.Micro850.Motor.RA_PFx_ENET_STS_CMD_1.MSG_EnetPort.CtrlCfg.Cancel	
Controller.Micro850.Micro850.Motor.RA_PFx_ENET_STS_CMD_1.MSG_EnetPort.CtrlCfg.StrMode	
Controller.Micro850.Micro850.Motor.RA_PFx_ENET_STS_CMD_1.MSG_EnetPort.CtrlCfg.TriggerType	
Controller.Micro850.Micro850.Motor.RA_PFx_ENET_STS_CMD_1.MSG_EnetPort.IN	
Controller.Micro850.Micro850.Motor.RA_PFx_ENET_STS_CMD_1.MSG_EnetPort.lpnum	
Controller.Micro850.Micro850.Motor.RA_PFx_ENET_STS_CMD_1.MSG_EnetPort.mtim	
Controller.Micro850.Micro850.Motor.RA_PFx_ENET_STS_CMD_1.MSG_EnetPort.nfb	
Controller.Micro850.Micro850.Motor.RA_PFx_ENET_STS_CMD_1.MSG_EnetPort.pfb	
Controller.Micro850.Micro850.Motor.RA_PFx_ENET_STS_CMD_1.MSG_EnetPort.Q	
Controller.Micro850.Micro850.Motor.RA_PFx_ENET_STS_CMD_1.MSG_EnetPort.ReqData[1]	
Controller.Micro850.Micro850.Motor.RA_PFx_ENET_STS_CMD_1.MSG_EnetPort.ReqLength	
Controller.Micro850.Micro850.Motor.RA_PFx_ENET_STS_CMD_1.MSG_EnetPort.ResData[1]	
Controller.Micro850.Micro850.Motor.RA_PFx_ENET_STS_CMD_1.MSG_EnetPort.ResLength	
Controller.Micro850.Micro850.Motor.RA_PFx_ENET_STS_CMD_1.MSG_EnetPort.Status.Error	
Controller.Micro850.Micro850.Motor.RA_PFx_ENET_STS_CMD_1.MSG_EnetPort.Status.ErrorID	
Controller.Micro850.Micro850.Motor.RA_PFx_ENET_STS_CMD_1.MSG_EnetPort.Status.ExtErrorID	
Controller.Micro850.Micro850.Motor.RA_PFx_ENET_STS_CMD_1.MSG_EnetPort.Status.StatusBits	
Controller.Micro850.Micro850.Motor.RA_PFx_ENET_STS_CMD_1.MSG_EnetPort.Status.SubErrorID	
Controller.Micro850.Micro850.Motor.RA_PFx_ENET_STS_CMD_1.MSG_EnetPort.TargetCfg.CipConnMode	
Controller.Micro850.Micro850.Motor.RA_PFx_ENET_STS_CMD_1.MSG_EnetPort.TargetCfg.ConnClose	
Controller.Micro850.Micro850.Motor.RA_PFx_ENET_STS_CMD_1.MSG_EnetPort.TargetCfg.ConnMsgTimeout	
Controller.Micro850.Micro850.Motor.RA_PFx_ENET_STS_CMD_1.MSG_EnetPort.TargetCfg.Path	
Controller.Micro850.Micro850.Motor.RA_PFx_ENET_STS_CMD_1.MSG_EnetPort.TargetCfg.UcmmTimeout	
Controller.Micro850.Micro850.Motor.RA_PFx_ENET_STS_CMD_1.MSG_ParRead.__ADI_ReqData	
Controller.Micro850.Micro850.Motor.RA_PFx_ENET_STS_CMD_1.MSG_ParRead.__ADI_ResData	
Controller.Micro850.Micro850.Motor.RA_PFx_ENET_STS_CMD_1.MSG_ParRead.AppCfg.Attribute	
Controller.Micro850.Micro850.Motor.RA_PFx_ENET_STS_CMD_1.MSG_ParRead.AppCfg.Class	
Controller.Micro850.Micro850.Motor.RA_PFx_ENET_STS_CMD_1.MSG_ParRead.AppCfg.Instance	
Controller.Micro850.Micro850.Motor.RA_PFx_ENET_STS_CMD_1.MSG_ParRead.AppCfg.MemberCnt	
Controller.Micro850.Micro850.Motor.RA_PFx_ENET_STS_CMD_1.MSG_ParRead.AppCfg.MemberId[0]	
Controller.Micro850.Micro850.Motor.RA_PFx_ENET_STS_CMD_1.MSG_ParRead.AppCfg.MemberId[1]	
Controller.Micro850.Micro850.Motor.RA_PFx_ENET_STS_CMD_1.MSG_ParRead.AppCfg.MemberId[2]	
Controller.Micro850.Micro850.Motor.RA_PFx_ENET_STS_CMD_1.MSG_ParRead.AppCfg.Service	
Controller.Micro850.Micro850.Motor.RA_PFx_ENET_STS_CMD_1.MSG_ParRead.ctrl	
Controller.Micro850.Micro850.Motor.RA_PFx_ENET_STS_CMD_1.MSG_ParRead.CtrlCfg.Cancel	
Controller.Micro850.Micro850.Motor.RA_PFx_ENET_STS_CMD_1.MSG_ParRead.CtrlCfg.StrMode	
Controller.Micro850.Micro850.Motor.RA_PFx_ENET_STS_CMD_1.MSG_ParRead.CtrlCfg.TriggerType	
Controller.Micro850.Micro850.Motor.RA_PFx_ENET_STS_CMD_1.MSG_ParRead.IN	
Controller.Micro850.Micro850.Motor.RA_PFx_ENET_STS_CMD_1.MSG_ParRead.lpnum	
Controller.Micro850.Micro850.Motor.RA_PFx_ENET_STS_CMD_1.MSG_ParRead.mtim	
Controller.Micro850.Micro850.Motor.RA_PFx_ENET_STS_CMD_1.MSG_ParRead.nfb	
Controller.Micro850.Micro850.Motor.RA_PFx_ENET_STS_CMD_1.MSG_ParRead.pfb	
Controller.Micro850.Micro850.Motor.RA_PFx_ENET_STS_CMD_1.MSG_ParRead.Q	
Controller.Micro850.Micro850.Motor.RA_PFx_ENET_STS_CMD_1.MSG_ParRead.ReqData[1]	
Controller.Micro850.Micro850.Motor.RA_PFx_ENET_STS_CMD_1.MSG_ParRead.ReqLength	
Controller.Micro850.Micro850.Motor.RA_PFx_ENET_STS_CMD_1.MSG_ParRead.ResData[1]	
Controller.Micro850.Micro850.Motor.RA_PFx_ENET_STS_CMD_1.MSG_ParRead.ResLength	
Controller.Micro850.Micro850.Motor.RA_PFx_ENET_STS_CMD_1.MSG_ParRead.Status.Error	
Controller.Micro850.Micro850.Motor.RA_PFx_ENET_STS_CMD_1.MSG_ParRead.Status.ErrorID	
Controller.Micro850.Micro850.Motor.RA_PFx_ENET_STS_CMD_1.MSG_ParRead.Status.ExtErrorID	
Controller.Micro850.Micro850.Motor.RA_PFx_ENET_STS_CMD_1.MSG_ParRead.Status.StatusBits	
Controller.Micro850.Micro850.Motor.RA_PFx_ENET_STS_CMD_1.MSG_ParRead.Status.SubErrorID	
Controller.Micro850.Micro850.Motor.RA_PFx_ENET_STS_CMD_1.MSG_ParRead.TargetCfg.CipConnMode	
Controller.Micro850.Micro850.Motor.RA_PFx_ENET_STS_CMD_1.MSG_ParRead.TargetCfg.ConnClose	
Controller.Micro850.Micro850.Motor.RA_PFx_ENET_STS_CMD_1.MSG_ParRead.TargetCfg.ConnMsgTimeout	
Controller.Micro850.Micro850.Motor.RA_PFx_ENET_STS_CMD_1.MSG_ParRead.TargetCfg.Path	
Controller.Micro850.Micro850.Motor.RA_PFx_ENET_STS_CMD_1.MSG_ParRead.TargetCfg.UcmmTimeout	
Controller.Micro850.Micro850.Motor.RA_PFx_ENET_STS_CMD_1.MSG_ParWrite.__ADI_ReqData	
Controller.Micro850.Micro850.Motor.RA_PFx_ENET_STS_CMD_1.MSG_ParWrite.__ADI_ResData	
Controller.Micro850.Micro850.Motor.RA_PFx_ENET_STS_CMD_1.MSG_ParWrite.AppCfg.Attribute	
Controller.Micro850.Micro850.Motor.RA_PFx_ENET_STS_CMD_1.MSG_ParWrite.AppCfg.Class	
Controller.Micro850.Micro850.Motor.RA_PFx_ENET_STS_CMD_1.MSG_ParWrite.AppCfg.Instance	
Controller.Micro850.Micro850.Motor.RA_PFx_ENET_STS_CMD_1.MSG_ParWrite.AppCfg.MemberCnt	
Controller.Micro850.Micro850.Motor.RA_PFx_ENET_STS_CMD_1.MSG_ParWrite.AppCfg.MemberId[0]	
Controller.Micro850.Micro850.Motor.RA_PFx_ENET_STS_CMD_1.MSG_ParWrite.AppCfg.MemberId[1]	
Controller.Micro850.Micro850.Motor.RA_PFx_ENET_STS_CMD_1.MSG_ParWrite.AppCfg.MemberId[2]	
Controller.Micro850.Micro850.Motor.RA_PFx_ENET_STS_CMD_1.MSG_ParWrite.AppCfg.Service	
Controller.Micro850.Micro850.Motor.RA_PFx_ENET_STS_CMD_1.MSG_ParWrite.ctrl	
Controller.Micro850.Micro850.Motor.RA_PFx_ENET_STS_CMD_1.MSG_ParWrite.CtrlCfg.Cancel	
Controller.Micro850.Micro850.Motor.RA_PFx_ENET_STS_CMD_1.MSG_ParWrite.CtrlCfg.StrMode	
Controller.Micro850.Micro850.Motor.RA_PFx_ENET_STS_CMD_1.MSG_ParWrite.CtrlCfg.TriggerType	
Controller.Micro850.Micro850.Motor.RA_PFx_ENET_STS_CMD_1.MSG_ParWrite.IN	
Controller.Micro850.Micro850.Motor.RA_PFx_ENET_STS_CMD_1.MSG_ParWrite.lpnum	
Controller.Micro850.Micro850.Motor.RA_PFx_ENET_STS_CMD_1.MSG_ParWrite.mtim	
Controller.Micro850.Micro850.Motor.RA_PFx_ENET_STS_CMD_1.MSG_ParWrite.nfb	
Controller.Micro850.Micro850.Motor.RA_PFx_ENET_STS_CMD_1.MSG_ParWrite.pfb	
Controller.Micro850.Micro850.Motor.RA_PFx_ENET_STS_CMD_1.MSG_ParWrite.Q	
Controller.Micro850.Micro850.Motor.RA_PFx_ENET_STS_CMD_1.MSG_ParWrite.ReqData[1]	
Controller.Micro850.Micro850.Motor.RA_PFx_ENET_STS_CMD_1.MSG_ParWrite.ReqLength	
Controller.Micro850.Micro850.Motor.RA_PFx_ENET_STS_CMD_1.MSG_ParWrite.ResData[1]	
Controller.Micro850.Micro850.Motor.RA_PFx_ENET_STS_CMD_1.MSG_ParWrite.ResLength	
Controller.Micro850.Micro850.Motor.RA_PFx_ENET_STS_CMD_1.MSG_ParWrite.Status.Error	
Controller.Micro850.Micro850.Motor.RA_PFx_ENET_STS_CMD_1.MSG_ParWrite.Status.ErrorID	
Controller.Micro850.Micro850.Motor.RA_PFx_ENET_STS_CMD_1.MSG_ParWrite.Status.ExtErrorID	
Controller.Micro850.Micro850.Motor.RA_PFx_ENET_STS_CMD_1.MSG_ParWrite.Status.StatusBits	
Controller.Micro850.Micro850.Motor.RA_PFx_ENET_STS_CMD_1.MSG_ParWrite.Status.SubErrorID	
Controller.Micro850.Micro850.Motor.RA_PFx_ENET_STS_CMD_1.MSG_ParWrite.TargetCfg.CipConnMode	
Controller.Micro850.Micro850.Motor.RA_PFx_ENET_STS_CMD_1.MSG_ParWrite.TargetCfg.ConnClose	
Controller.Micro850.Micro850.Motor.RA_PFx_ENET_STS_CMD_1.MSG_ParWrite.TargetCfg.ConnMsgTimeout	
Controller.Micro850.Micro850.Motor.RA_PFx_ENET_STS_CMD_1.MSG_ParWrite.TargetCfg.Path	
Controller.Micro850.Micro850.Motor.RA_PFx_ENET_STS_CMD_1.MSG_ParWrite.TargetCfg.UcmmTimeout	
Controller.Micro850.Micro850.Motor.RA_PFx_ENET_STS_CMD_1.MSG_Sts.__ADI_ReqData	
Controller.Micro850.Micro850.Motor.RA_PFx_ENET_STS_CMD_1.MSG_Sts.__ADI_ResData	
Controller.Micro850.Micro850.Motor.RA_PFx_ENET_STS_CMD_1.MSG_Sts.AppCfg.Attribute	
Controller.Micro850.Micro850.Motor.RA_PFx_ENET_STS_CMD_1.MSG_Sts.AppCfg.Class	
Controller.Micro850.Micro850.Motor.RA_PFx_ENET_STS_CMD_1.MSG_Sts.AppCfg.Instance	
Controller.Micro850.Micro850.Motor.RA_PFx_ENET_STS_CMD_1.MSG_Sts.AppCfg.MemberCnt	
Controller.Micro850.Micro850.Motor.RA_PFx_ENET_STS_CMD_1.MSG_Sts.AppCfg.MemberId[0]	
Controller.Micro850.Micro850.Motor.RA_PFx_ENET_STS_CMD_1.MSG_Sts.AppCfg.MemberId[1]	
Controller.Micro850.Micro850.Motor.RA_PFx_ENET_STS_CMD_1.MSG_Sts.AppCfg.MemberId[2]	
Controller.Micro850.Micro850.Motor.RA_PFx_ENET_STS_CMD_1.MSG_Sts.AppCfg.Service	
Controller.Micro850.Micro850.Motor.RA_PFx_ENET_STS_CMD_1.MSG_Sts.ctrl	
Controller.Micro850.Micro850.Motor.RA_PFx_ENET_STS_CMD_1.MSG_Sts.CtrlCfg.Cancel	
Controller.Micro850.Micro850.Motor.RA_PFx_ENET_STS_CMD_1.MSG_Sts.CtrlCfg.StrMode	
Controller.Micro850.Micro850.Motor.RA_PFx_ENET_STS_CMD_1.MSG_Sts.CtrlCfg.TriggerType	
Controller.Micro850.Micro850.Motor.RA_PFx_ENET_STS_CMD_1.MSG_Sts.IN	
Controller.Micro850.Micro850.Motor.RA_PFx_ENET_STS_CMD_1.MSG_Sts.lpnum	
Controller.Micro850.Micro850.Motor.RA_PFx_ENET_STS_CMD_1.MSG_Sts.mtim	
Controller.Micro850.Micro850.Motor.RA_PFx_ENET_STS_CMD_1.MSG_Sts.nfb	
Controller.Micro850.Micro850.Motor.RA_PFx_ENET_STS_CMD_1.MSG_Sts.pfb	
Controller.Micro850.Micro850.Motor.RA_PFx_ENET_STS_CMD_1.MSG_Sts.Q	
Controller.Micro850.Micro850.Motor.RA_PFx_ENET_STS_CMD_1.MSG_Sts.ReqData[1]	
Controller.Micro850.Micro850.Motor.RA_PFx_ENET_STS_CMD_1.MSG_Sts.ReqLength	
Controller.Micro850.Micro850.Motor.RA_PFx_ENET_STS_CMD_1.MSG_Sts.ResData[1]	
Controller.Micro850.Micro850.Motor.RA_PFx_ENET_STS_CMD_1.MSG_Sts.ResLength	
Controller.Micro850.Micro850.Motor.RA_PFx_ENET_STS_CMD_1.MSG_Sts.Status.Error	
Controller.Micro850.Micro850.Motor.RA_PFx_ENET_STS_CMD_1.MSG_Sts.Status.ErrorID	
Controller.Micro850.Micro850.Motor.RA_PFx_ENET_STS_CMD_1.MSG_Sts.Status.ExtErrorID	
Controller.Micro850.Micro850.Motor.RA_PFx_ENET_STS_CMD_1.MSG_Sts.Status.StatusBits	
Controller.Micro850.Micro850.Motor.RA_PFx_ENET_STS_CMD_1.MSG_Sts.Status.SubErrorID	
Controller.Micro850.Micro850.Motor.RA_PFx_ENET_STS_CMD_1.MSG_Sts.TargetCfg.CipConnMode	
Controller.Micro850.Micro850.Motor.RA_PFx_ENET_STS_CMD_1.MSG_Sts.TargetCfg.ConnClose	
Controller.Micro850.Micro850.Motor.RA_PFx_ENET_STS_CMD_1.MSG_Sts.TargetCfg.ConnMsgTimeout	
Controller.Micro850.Micro850.Motor.RA_PFx_ENET_STS_CMD_1.MSG_Sts.TargetCfg.Path	
Controller.Micro850.Micro850.Motor.RA_PFx_ENET_STS_CMD_1.MSG_Sts.TargetCfg.UcmmTimeout	
Controller.Micro850.Micro850.Motor.RA_PFx_ENET_STS_CMD_1.MSG_TimeOut.__ADI_ReqData	
Controller.Micro850.Micro850.Motor.RA_PFx_ENET_STS_CMD_1.MSG_TimeOut.__ADI_ResData	
Controller.Micro850.Micro850.Motor.RA_PFx_ENET_STS_CMD_1.MSG_TimeOut.AppCfg.Attribute	
Controller.Micro850.Micro850.Motor.RA_PFx_ENET_STS_CMD_1.MSG_TimeOut.AppCfg.Class	
Controller.Micro850.Micro850.Motor.RA_PFx_ENET_STS_CMD_1.MSG_TimeOut.AppCfg.Instance	
Controller.Micro850.Micro850.Motor.RA_PFx_ENET_STS_CMD_1.MSG_TimeOut.AppCfg.MemberCnt	
Controller.Micro850.Micro850.Motor.RA_PFx_ENET_STS_CMD_1.MSG_TimeOut.AppCfg.MemberId[0]	
Controller.Micro850.Micro850.Motor.RA_PFx_ENET_STS_CMD_1.MSG_TimeOut.AppCfg.MemberId[1]	
Controller.Micro850.Micro850.Motor.RA_PFx_ENET_STS_CMD_1.MSG_TimeOut.AppCfg.MemberId[2]	
Controller.Micro850.Micro850.Motor.RA_PFx_ENET_STS_CMD_1.MSG_TimeOut.AppCfg.Service	
Controller.Micro850.Micro850.Motor.RA_PFx_ENET_STS_CMD_1.MSG_TimeOut.ctrl	
Controller.Micro850.Micro850.Motor.RA_PFx_ENET_STS_CMD_1.MSG_TimeOut.CtrlCfg.Cancel	
Controller.Micro850.Micro850.Motor.RA_PFx_ENET_STS_CMD_1.MSG_TimeOut.CtrlCfg.StrMode	
Controller.Micro850.Micro850.Motor.RA_PFx_ENET_STS_CMD_1.MSG_TimeOut.CtrlCfg.TriggerType	
Controller.Micro850.Micro850.Motor.RA_PFx_ENET_STS_CMD_1.MSG_TimeOut.IN	
Controller.Micro850.Micro850.Motor.RA_PFx_ENET_STS_CMD_1.MSG_TimeOut.lpnum	
Controller.Micro850.Micro850.Motor.RA_PFx_ENET_STS_CMD_1.MSG_TimeOut.mtim	
Controller.Micro850.Micro850.Motor.RA_PFx_ENET_STS_CMD_1.MSG_TimeOut.nfb	
Controller.Micro850.Micro850.Motor.RA_PFx_ENET_STS_CMD_1.MSG_TimeOut.pfb	
Controller.Micro850.Micro850.Motor.RA_PFx_ENET_STS_CMD_1.MSG_TimeOut.Q	
Controller.Micro850.Micro850.Motor.RA_PFx_ENET_STS_CMD_1.MSG_TimeOut.ReqData[1]	
Controller.Micro850.Micro850.Motor.RA_PFx_ENET_STS_CMD_1.MSG_TimeOut.ReqLength	
Controller.Micro850.Micro850.Motor.RA_PFx_ENET_STS_CMD_1.MSG_TimeOut.ResData[1]	
Controller.Micro850.Micro850.Motor.RA_PFx_ENET_STS_CMD_1.MSG_TimeOut.ResLength	
Controller.Micro850.Micro850.Motor.RA_PFx_ENET_STS_CMD_1.MSG_TimeOut.Status.Error	
Controller.Micro850.Micro850.Motor.RA_PFx_ENET_STS_CMD_1.MSG_TimeOut.Status.ErrorID	
Controller.Micro850.Micro850.Motor.RA_PFx_ENET_STS_CMD_1.MSG_TimeOut.Status.ExtErrorID	
Controller.Micro850.Micro850.Motor.RA_PFx_ENET_STS_CMD_1.MSG_TimeOut.Status.StatusBits	
Controller.Micro850.Micro850.Motor.RA_PFx_ENET_STS_CMD_1.MSG_TimeOut.Status.SubErrorID	
Controller.Micro850.Micro850.Motor.RA_PFx_ENET_STS_CMD_1.MSG_TimeOut.TargetCfg.CipConnMode	
Controller.Micro850.Micro850.Motor.RA_PFx_ENET_STS_CMD_1.MSG_TimeOut.TargetCfg.ConnClose	
Controller.Micro850.Micro850.Motor.RA_PFx_ENET_STS_CMD_1.MSG_TimeOut.TargetCfg.ConnMsgTimeout	
Controller.Micro850.Micro850.Motor.RA_PFx_ENET_STS_CMD_1.MSG_TimeOut.TargetCfg.Path	
Controller.Micro850.Micro850.Motor.RA_PFx_ENET_STS_CMD_1.MSG_TimeOut.TargetCfg.UcmmTimeout	
Controller.Micro850.Micro850.Motor.RA_PFx_ENET_STS_CMD_1.MSG_Update_FTRIG.CLK	
Controller.Micro850.Micro850.Motor.RA_PFx_ENET_STS_CMD_1.MSG_Update_FTRIG.Fedge	
Controller.Micro850.Micro850.Motor.RA_PFx_ENET_STS_CMD_1.MSG_Update_FTRIG.Q	
Controller.Micro850.Micro850.Motor.RA_PFx_ENET_STS_CMD_1.MSG_Update_PreseT	
Controller.Micro850.Micro850.Motor.RA_PFx_ENET_STS_CMD_1.MSG_Update_RTRIG.CLK	
Controller.Micro850.Micro850.Motor.RA_PFx_ENET_STS_CMD_1.MSG_Update_RTRIG.Q	
Controller.Micro850.Micro850.Motor.RA_PFx_ENET_STS_CMD_1.MSG_Update_RTRIG.Redge	
Controller.Micro850.Micro850.Motor.RA_PFx_ENET_STS_CMD_1.MSG_Update_TIMER.ET	
Controller.Micro850.Micro850.Motor.RA_PFx_ENET_STS_CMD_1.MSG_Update_TIMER.FEDGE	
Controller.Micro850.Micro850.Motor.RA_PFx_ENET_STS_CMD_1.MSG_Update_TIMER.IN	
Controller.Micro850.Micro850.Motor.RA_PFx_ENET_STS_CMD_1.MSG_Update_TIMER.PDATE	
Controller.Micro850.Micro850.Motor.RA_PFx_ENET_STS_CMD_1.MSG_Update_TIMER.PT	
Controller.Micro850.Micro850.Motor.RA_PFx_ENET_STS_CMD_1.MSG_Update_TIMER.PTOF	
Controller.Micro850.Micro850.Motor.RA_PFx_ENET_STS_CMD_1.MSG_Update_TIMER.Q	
Controller.Micro850.Micro850.Motor.RA_PFx_ENET_STS_CMD_1.MSG_Update_TIMER.REDGE	
Controller.Micro850.Micro850.Motor.RA_PFx_ENET_STS_CMD_1.MSGCmd_EN	
Controller.Micro850.Micro850.Motor.RA_PFx_ENET_STS_CMD_1.MSGCmd_Err_RTRIG.CLK	
Controller.Micro850.Micro850.Motor.RA_PFx_ENET_STS_CMD_1.MSGCmd_Err_RTRIG.Q	
Controller.Micro850.Micro850.Motor.RA_PFx_ENET_STS_CMD_1.MSGCmd_Err_RTRIG.Redge	
Controller.Micro850.Micro850.Motor.RA_PFx_ENET_STS_CMD_1.MSGCmd_Q_RTRIG.CLK	
Controller.Micro850.Micro850.Motor.RA_PFx_ENET_STS_CMD_1.MSGCmd_Q_RTRIG.Q	
Controller.Micro850.Micro850.Motor.RA_PFx_ENET_STS_CMD_1.MSGCmd_Q_RTRIG.Redge	
Controller.Micro850.Micro850.Motor.RA_PFx_ENET_STS_CMD_1.MSGDrvType_Err_RTRIG.CLK	
Controller.Micro850.Micro850.Motor.RA_PFx_ENET_STS_CMD_1.MSGDrvType_Err_RTRIG.Q	
Controller.Micro850.Micro850.Motor.RA_PFx_ENET_STS_CMD_1.MSGDrvType_Err_RTRIG.Redge	
Controller.Micro850.Micro850.Motor.RA_PFx_ENET_STS_CMD_1.MSGDrvType_Q_RTRIG.CLK	
Controller.Micro850.Micro850.Motor.RA_PFx_ENET_STS_CMD_1.MSGDrvType_Q_RTRIG.Q	
Controller.Micro850.Micro850.Motor.RA_PFx_ENET_STS_CMD_1.MSGDrvType_Q_RTRIG.Redge	
Controller.Micro850.Micro850.Motor.RA_PFx_ENET_STS_CMD_1.MSGEnetPort_EN	
Controller.Micro850.Micro850.Motor.RA_PFx_ENET_STS_CMD_1.MSGEnetPort_Err_RTRIG.CLK	
Controller.Micro850.Micro850.Motor.RA_PFx_ENET_STS_CMD_1.MSGEnetPort_Err_RTRIG.Q	
Controller.Micro850.Micro850.Motor.RA_PFx_ENET_STS_CMD_1.MSGEnetPort_Err_RTRIG.Redge	
Controller.Micro850.Micro850.Motor.RA_PFx_ENET_STS_CMD_1.MSGEnetPort_Q_RTRIG.CLK	
Controller.Micro850.Micro850.Motor.RA_PFx_ENET_STS_CMD_1.MSGEnetPort_Q_RTRIG.Q	
Controller.Micro850.Micro850.Motor.RA_PFx_ENET_STS_CMD_1.MSGEnetPort_Q_RTRIG.Redge	
Controller.Micro850.Micro850.Motor.RA_PFx_ENET_STS_CMD_1.MSGParRead_EN	
Controller.Micro850.Micro850.Motor.RA_PFx_ENET_STS_CMD_1.MSGParRead_Err_RTRIG.CLK	
Controller.Micro850.Micro850.Motor.RA_PFx_ENET_STS_CMD_1.MSGParRead_Err_RTRIG.Q	
Controller.Micro850.Micro850.Motor.RA_PFx_ENET_STS_CMD_1.MSGParRead_Err_RTRIG.Redge	
Controller.Micro850.Micro850.Motor.RA_PFx_ENET_STS_CMD_1.MSGParRead_Q_RTRIG.CLK	
Controller.Micro850.Micro850.Motor.RA_PFx_ENET_STS_CMD_1.MSGParRead_Q_RTRIG.Q	
Controller.Micro850.Micro850.Motor.RA_PFx_ENET_STS_CMD_1.MSGParRead_Q_RTRIG.Redge	
Controller.Micro850.Micro850.Motor.RA_PFx_ENET_STS_CMD_1.MSGParRead_StatusBits	
Controller.Micro850.Micro850.Motor.RA_PFx_ENET_STS_CMD_1.MSGParWrite_EN	
Controller.Micro850.Micro850.Motor.RA_PFx_ENET_STS_CMD_1.MSGParWrite_Err_RTRIG.CLK	
Controller.Micro850.Micro850.Motor.RA_PFx_ENET_STS_CMD_1.MSGParWrite_Err_RTRIG.Q	
Controller.Micro850.Micro850.Motor.RA_PFx_ENET_STS_CMD_1.MSGParWrite_Err_RTRIG.Redge	
Controller.Micro850.Micro850.Motor.RA_PFx_ENET_STS_CMD_1.MSGParWrite_Q_RTRIG.CLK	
Controller.Micro850.Micro850.Motor.RA_PFx_ENET_STS_CMD_1.MSGParWrite_Q_RTRIG.Q	
Controller.Micro850.Micro850.Motor.RA_PFx_ENET_STS_CMD_1.MSGParWrite_Q_RTRIG.Redge	
Controller.Micro850.Micro850.Motor.RA_PFx_ENET_STS_CMD_1.MSGSts_EN	
Controller.Micro850.Micro850.Motor.RA_PFx_ENET_STS_CMD_1.MSGSts_Err_RTRIG.CLK	
Controller.Micro850.Micro850.Motor.RA_PFx_ENET_STS_CMD_1.MSGSts_Err_RTRIG.Q	
Controller.Micro850.Micro850.Motor.RA_PFx_ENET_STS_CMD_1.MSGSts_Err_RTRIG.Redge	
Controller.Micro850.Micro850.Motor.RA_PFx_ENET_STS_CMD_1.MSGSts_Q_RTRIG.CLK	
Controller.Micro850.Micro850.Motor.RA_PFx_ENET_STS_CMD_1.MSGSts_Q_RTRIG.Q	
Controller.Micro850.Micro850.Motor.RA_PFx_ENET_STS_CMD_1.MSGSts_Q_RTRIG.Redge	
Controller.Micro850.Micro850.Motor.RA_PFx_ENET_STS_CMD_1.MSGSts_StatusBits	
Controller.Micro850.Micro850.Motor.RA_PFx_ENET_STS_CMD_1.MSGTimeOut_EN	
Controller.Micro850.Micro850.Motor.RA_PFx_ENET_STS_CMD_1.MSGTimeOut_Err_RTRIG.CLK	
Controller.Micro850.Micro850.Motor.RA_PFx_ENET_STS_CMD_1.MSGTimeOut_Err_RTRIG.Q	
Controller.Micro850.Micro850.Motor.RA_PFx_ENET_STS_CMD_1.MSGTimeOut_Err_RTRIG.Redge	
Controller.Micro850.Micro850.Motor.RA_PFx_ENET_STS_CMD_1.MSGTimeOut_Q_RTRIG.CLK	
Controller.Micro850.Micro850.Motor.RA_PFx_ENET_STS_CMD_1.MSGTimeOut_Q_RTRIG.Q	
Controller.Micro850.Micro850.Motor.RA_PFx_ENET_STS_CMD_1.MSGTimeOut_Q_RTRIG.Redge	
Controller.Micro850.Micro850.Motor.RA_PFx_ENET_STS_CMD_1.OutputCurrent	
Controller.Micro850.Micro850.Motor.RA_PFx_ENET_STS_CMD_1.OutputCurrentDiv	
Controller.Micro850.Micro850.Motor.RA_PFx_ENET_STS_CMD_1.OutputVoltage	
Controller.Micro850.Micro850.Motor.RA_PFx_ENET_STS_CMD_1.OutputVoltageDiv	
Controller.Micro850.Micro850.Motor.RA_PFx_ENET_STS_CMD_1.ParReadAppCfg.Attribute	
Controller.Micro850.Micro850.Motor.RA_PFx_ENET_STS_CMD_1.ParReadAppCfg.Class	
Controller.Micro850.Micro850.Motor.RA_PFx_ENET_STS_CMD_1.ParReadAppCfg.Instance	
Controller.Micro850.Micro850.Motor.RA_PFx_ENET_STS_CMD_1.ParReadAppCfg.MemberCnt	
Controller.Micro850.Micro850.Motor.RA_PFx_ENET_STS_CMD_1.ParReadAppCfg.MemberId[0]	
Controller.Micro850.Micro850.Motor.RA_PFx_ENET_STS_CMD_1.ParReadAppCfg.MemberId[1]	
Controller.Micro850.Micro850.Motor.RA_PFx_ENET_STS_CMD_1.ParReadAppCfg.MemberId[2]	
Controller.Micro850.Micro850.Motor.RA_PFx_ENET_STS_CMD_1.ParReadAppCfg.Service	
Controller.Micro850.Micro850.Motor.RA_PFx_ENET_STS_CMD_1.ParReadCtrlCfg.Cancel	
Controller.Micro850.Micro850.Motor.RA_PFx_ENET_STS_CMD_1.ParReadCtrlCfg.StrMode	
Controller.Micro850.Micro850.Motor.RA_PFx_ENET_STS_CMD_1.ParReadCtrlCfg.TriggerType	
Controller.Micro850.Micro850.Motor.RA_PFx_ENET_STS_CMD_1.ParReadReqData[1]	
Controller.Micro850.Micro850.Motor.RA_PFx_ENET_STS_CMD_1.ParReadReqData[10]	
Controller.Micro850.Micro850.Motor.RA_PFx_ENET_STS_CMD_1.ParReadReqData[11]	
Controller.Micro850.Micro850.Motor.RA_PFx_ENET_STS_CMD_1.ParReadReqData[12]	
Controller.Micro850.Micro850.Motor.RA_PFx_ENET_STS_CMD_1.ParReadReqData[13]	
Controller.Micro850.Micro850.Motor.RA_PFx_ENET_STS_CMD_1.ParReadReqData[14]	
Controller.Micro850.Micro850.Motor.RA_PFx_ENET_STS_CMD_1.ParReadReqData[15]	
Controller.Micro850.Micro850.Motor.RA_PFx_ENET_STS_CMD_1.ParReadReqData[16]	
Controller.Micro850.Micro850.Motor.RA_PFx_ENET_STS_CMD_1.ParReadReqData[17]	
Controller.Micro850.Micro850.Motor.RA_PFx_ENET_STS_CMD_1.ParReadReqData[18]	
Controller.Micro850.Micro850.Motor.RA_PFx_ENET_STS_CMD_1.ParReadReqData[19]	
Controller.Micro850.Micro850.Motor.RA_PFx_ENET_STS_CMD_1.ParReadReqData[2]	
Controller.Micro850.Micro850.Motor.RA_PFx_ENET_STS_CMD_1.ParReadReqData[20]	
Controller.Micro850.Micro850.Motor.RA_PFx_ENET_STS_CMD_1.ParReadReqData[21]	
Controller.Micro850.Micro850.Motor.RA_PFx_ENET_STS_CMD_1.ParReadReqData[22]	
Controller.Micro850.Micro850.Motor.RA_PFx_ENET_STS_CMD_1.ParReadReqData[23]	
Controller.Micro850.Micro850.Motor.RA_PFx_ENET_STS_CMD_1.ParReadReqData[24]	
Controller.Micro850.Micro850.Motor.RA_PFx_ENET_STS_CMD_1.ParReadReqData[25]	
Controller.Micro850.Micro850.Motor.RA_PFx_ENET_STS_CMD_1.ParReadReqData[26]	
Controller.Micro850.Micro850.Motor.RA_PFx_ENET_STS_CMD_1.ParReadReqData[27]	
Controller.Micro850.Micro850.Motor.RA_PFx_ENET_STS_CMD_1.ParReadReqData[28]	
Controller.Micro850.Micro850.Motor.RA_PFx_ENET_STS_CMD_1.ParReadReqData[3]	
Controller.Micro850.Micro850.Motor.RA_PFx_ENET_STS_CMD_1.ParReadReqData[4]	
Controller.Micro850.Micro850.Motor.RA_PFx_ENET_STS_CMD_1.ParReadReqData[5]	
Controller.Micro850.Micro850.Motor.RA_PFx_ENET_STS_CMD_1.ParReadReqData[6]	
Controller.Micro850.Micro850.Motor.RA_PFx_ENET_STS_CMD_1.ParReadReqData[7]	
Controller.Micro850.Micro850.Motor.RA_PFx_ENET_STS_CMD_1.ParReadReqData[8]	
Controller.Micro850.Micro850.Motor.RA_PFx_ENET_STS_CMD_1.ParReadReqData[9]	
Controller.Micro850.Micro850.Motor.RA_PFx_ENET_STS_CMD_1.ParReadReqLen	
Controller.Micro850.Micro850.Motor.RA_PFx_ENET_STS_CMD_1.ParReadResData[1]	
Controller.Micro850.Micro850.Motor.RA_PFx_ENET_STS_CMD_1.ParReadResData[10]	
Controller.Micro850.Micro850.Motor.RA_PFx_ENET_STS_CMD_1.ParReadResData[11]	
Controller.Micro850.Micro850.Motor.RA_PFx_ENET_STS_CMD_1.ParReadResData[12]	
Controller.Micro850.Micro850.Motor.RA_PFx_ENET_STS_CMD_1.ParReadResData[13]	
Controller.Micro850.Micro850.Motor.RA_PFx_ENET_STS_CMD_1.ParReadResData[14]	
Controller.Micro850.Micro850.Motor.RA_PFx_ENET_STS_CMD_1.ParReadResData[15]	
Controller.Micro850.Micro850.Motor.RA_PFx_ENET_STS_CMD_1.ParReadResData[16]	
Controller.Micro850.Micro850.Motor.RA_PFx_ENET_STS_CMD_1.ParReadResData[17]	
Controller.Micro850.Micro850.Motor.RA_PFx_ENET_STS_CMD_1.ParReadResData[18]	
Controller.Micro850.Micro850.Motor.RA_PFx_ENET_STS_CMD_1.ParReadResData[19]	
Controller.Micro850.Micro850.Motor.RA_PFx_ENET_STS_CMD_1.ParReadResData[2]	
Controller.Micro850.Micro850.Motor.RA_PFx_ENET_STS_CMD_1.ParReadResData[20]	
Controller.Micro850.Micro850.Motor.RA_PFx_ENET_STS_CMD_1.ParReadResData[21]	
Controller.Micro850.Micro850.Motor.RA_PFx_ENET_STS_CMD_1.ParReadResData[22]	
Controller.Micro850.Micro850.Motor.RA_PFx_ENET_STS_CMD_1.ParReadResData[23]	
Controller.Micro850.Micro850.Motor.RA_PFx_ENET_STS_CMD_1.ParReadResData[24]	
Controller.Micro850.Micro850.Motor.RA_PFx_ENET_STS_CMD_1.ParReadResData[25]	
Controller.Micro850.Micro850.Motor.RA_PFx_ENET_STS_CMD_1.ParReadResData[26]	
Controller.Micro850.Micro850.Motor.RA_PFx_ENET_STS_CMD_1.ParReadResData[27]	
Controller.Micro850.Micro850.Motor.RA_PFx_ENET_STS_CMD_1.ParReadResData[28]	
Controller.Micro850.Micro850.Motor.RA_PFx_ENET_STS_CMD_1.ParReadResData[3]	
Controller.Micro850.Micro850.Motor.RA_PFx_ENET_STS_CMD_1.ParReadResData[4]	
Controller.Micro850.Micro850.Motor.RA_PFx_ENET_STS_CMD_1.ParReadResData[5]	
Controller.Micro850.Micro850.Motor.RA_PFx_ENET_STS_CMD_1.ParReadResData[6]	
Controller.Micro850.Micro850.Motor.RA_PFx_ENET_STS_CMD_1.ParReadResData[7]	
Controller.Micro850.Micro850.Motor.RA_PFx_ENET_STS_CMD_1.ParReadResData[8]	
Controller.Micro850.Micro850.Motor.RA_PFx_ENET_STS_CMD_1.ParReadResData[9]	
Controller.Micro850.Micro850.Motor.RA_PFx_ENET_STS_CMD_1.ParReadStatus.Error	
Controller.Micro850.Micro850.Motor.RA_PFx_ENET_STS_CMD_1.ParReadStatus.ErrorID	
Controller.Micro850.Micro850.Motor.RA_PFx_ENET_STS_CMD_1.ParReadStatus.ExtErrorID	
Controller.Micro850.Micro850.Motor.RA_PFx_ENET_STS_CMD_1.ParReadStatus.StatusBits	
Controller.Micro850.Micro850.Motor.RA_PFx_ENET_STS_CMD_1.ParReadStatus.SubErrorID	
Controller.Micro850.Micro850.Motor.RA_PFx_ENET_STS_CMD_1.ParReadTarCfg.CipConnMode	
Controller.Micro850.Micro850.Motor.RA_PFx_ENET_STS_CMD_1.ParReadTarCfg.ConnClose	
Controller.Micro850.Micro850.Motor.RA_PFx_ENET_STS_CMD_1.ParReadTarCfg.ConnMsgTimeout	
Controller.Micro850.Micro850.Motor.RA_PFx_ENET_STS_CMD_1.ParReadTarCfg.Path	
Controller.Micro850.Micro850.Motor.RA_PFx_ENET_STS_CMD_1.ParReadTarCfg.UcmmTimeout	
Controller.Micro850.Micro850.Motor.RA_PFx_ENET_STS_CMD_1.ParWriteAppCfg.Attribute	
Controller.Micro850.Micro850.Motor.RA_PFx_ENET_STS_CMD_1.ParWriteAppCfg.Class	
Controller.Micro850.Micro850.Motor.RA_PFx_ENET_STS_CMD_1.ParWriteAppCfg.Instance	
Controller.Micro850.Micro850.Motor.RA_PFx_ENET_STS_CMD_1.ParWriteAppCfg.MemberCnt	
Controller.Micro850.Micro850.Motor.RA_PFx_ENET_STS_CMD_1.ParWriteAppCfg.MemberId[0]	
Controller.Micro850.Micro850.Motor.RA_PFx_ENET_STS_CMD_1.ParWriteAppCfg.MemberId[1]	
Controller.Micro850.Micro850.Motor.RA_PFx_ENET_STS_CMD_1.ParWriteAppCfg.MemberId[2]	
Controller.Micro850.Micro850.Motor.RA_PFx_ENET_STS_CMD_1.ParWriteAppCfg.Service	
Controller.Micro850.Micro850.Motor.RA_PFx_ENET_STS_CMD_1.ParWriteCtrlCfg.Cancel	
Controller.Micro850.Micro850.Motor.RA_PFx_ENET_STS_CMD_1.ParWriteCtrlCfg.StrMode	
Controller.Micro850.Micro850.Motor.RA_PFx_ENET_STS_CMD_1.ParWriteCtrlCfg.TriggerType	
Controller.Micro850.Micro850.Motor.RA_PFx_ENET_STS_CMD_1.ParWriteReqData[1]	
Controller.Micro850.Micro850.Motor.RA_PFx_ENET_STS_CMD_1.ParWriteReqData[10]	
Controller.Micro850.Micro850.Motor.RA_PFx_ENET_STS_CMD_1.ParWriteReqData[11]	
Controller.Micro850.Micro850.Motor.RA_PFx_ENET_STS_CMD_1.ParWriteReqData[12]	
Controller.Micro850.Micro850.Motor.RA_PFx_ENET_STS_CMD_1.ParWriteReqData[13]	
Controller.Micro850.Micro850.Motor.RA_PFx_ENET_STS_CMD_1.ParWriteReqData[14]	
Controller.Micro850.Micro850.Motor.RA_PFx_ENET_STS_CMD_1.ParWriteReqData[15]	
Controller.Micro850.Micro850.Motor.RA_PFx_ENET_STS_CMD_1.ParWriteReqData[16]	
Controller.Micro850.Micro850.Motor.RA_PFx_ENET_STS_CMD_1.ParWriteReqData[17]	
Controller.Micro850.Micro850.Motor.RA_PFx_ENET_STS_CMD_1.ParWriteReqData[18]	
Controller.Micro850.Micro850.Motor.RA_PFx_ENET_STS_CMD_1.ParWriteReqData[19]	
Controller.Micro850.Micro850.Motor.RA_PFx_ENET_STS_CMD_1.ParWriteReqData[2]	
Controller.Micro850.Micro850.Motor.RA_PFx_ENET_STS_CMD_1.ParWriteReqData[20]	
Controller.Micro850.Micro850.Motor.RA_PFx_ENET_STS_CMD_1.ParWriteReqData[21]	
Controller.Micro850.Micro850.Motor.RA_PFx_ENET_STS_CMD_1.ParWriteReqData[22]	
Controller.Micro850.Micro850.Motor.RA_PFx_ENET_STS_CMD_1.ParWriteReqData[23]	
Controller.Micro850.Micro850.Motor.RA_PFx_ENET_STS_CMD_1.ParWriteReqData[24]	
Controller.Micro850.Micro850.Motor.RA_PFx_ENET_STS_CMD_1.ParWriteReqData[3]	
Controller.Micro850.Micro850.Motor.RA_PFx_ENET_STS_CMD_1.ParWriteReqData[4]	
Controller.Micro850.Micro850.Motor.RA_PFx_ENET_STS_CMD_1.ParWriteReqData[5]	
Controller.Micro850.Micro850.Motor.RA_PFx_ENET_STS_CMD_1.ParWriteReqData[6]	
Controller.Micro850.Micro850.Motor.RA_PFx_ENET_STS_CMD_1.ParWriteReqData[7]	
Controller.Micro850.Micro850.Motor.RA_PFx_ENET_STS_CMD_1.ParWriteReqData[8]	
Controller.Micro850.Micro850.Motor.RA_PFx_ENET_STS_CMD_1.ParWriteReqData[9]	
Controller.Micro850.Micro850.Motor.RA_PFx_ENET_STS_CMD_1.ParWriteReqLen	
Controller.Micro850.Micro850.Motor.RA_PFx_ENET_STS_CMD_1.ParWriteResData[1]	
Controller.Micro850.Micro850.Motor.RA_PFx_ENET_STS_CMD_1.ParWriteResData[10]	
Controller.Micro850.Micro850.Motor.RA_PFx_ENET_STS_CMD_1.ParWriteResData[11]	
Controller.Micro850.Micro850.Motor.RA_PFx_ENET_STS_CMD_1.ParWriteResData[12]	
Controller.Micro850.Micro850.Motor.RA_PFx_ENET_STS_CMD_1.ParWriteResData[13]	
Controller.Micro850.Micro850.Motor.RA_PFx_ENET_STS_CMD_1.ParWriteResData[14]	
Controller.Micro850.Micro850.Motor.RA_PFx_ENET_STS_CMD_1.ParWriteResData[15]	
Controller.Micro850.Micro850.Motor.RA_PFx_ENET_STS_CMD_1.ParWriteResData[16]	
Controller.Micro850.Micro850.Motor.RA_PFx_ENET_STS_CMD_1.ParWriteResData[17]	
Controller.Micro850.Micro850.Motor.RA_PFx_ENET_STS_CMD_1.ParWriteResData[18]	
Controller.Micro850.Micro850.Motor.RA_PFx_ENET_STS_CMD_1.ParWriteResData[19]	
Controller.Micro850.Micro850.Motor.RA_PFx_ENET_STS_CMD_1.ParWriteResData[2]	
Controller.Micro850.Micro850.Motor.RA_PFx_ENET_STS_CMD_1.ParWriteResData[20]	
Controller.Micro850.Micro850.Motor.RA_PFx_ENET_STS_CMD_1.ParWriteResData[21]	
Controller.Micro850.Micro850.Motor.RA_PFx_ENET_STS_CMD_1.ParWriteResData[22]	
Controller.Micro850.Micro850.Motor.RA_PFx_ENET_STS_CMD_1.ParWriteResData[23]	
Controller.Micro850.Micro850.Motor.RA_PFx_ENET_STS_CMD_1.ParWriteResData[24]	
Controller.Micro850.Micro850.Motor.RA_PFx_ENET_STS_CMD_1.ParWriteResData[3]	
Controller.Micro850.Micro850.Motor.RA_PFx_ENET_STS_CMD_1.ParWriteResData[4]	
Controller.Micro850.Micro850.Motor.RA_PFx_ENET_STS_CMD_1.ParWriteResData[5]	
Controller.Micro850.Micro850.Motor.RA_PFx_ENET_STS_CMD_1.ParWriteResData[6]	
Controller.Micro850.Micro850.Motor.RA_PFx_ENET_STS_CMD_1.ParWriteResData[7]	
Controller.Micro850.Micro850.Motor.RA_PFx_ENET_STS_CMD_1.ParWriteResData[8]	
Controller.Micro850.Micro850.Motor.RA_PFx_ENET_STS_CMD_1.ParWriteResData[9]	
Controller.Micro850.Micro850.Motor.RA_PFx_ENET_STS_CMD_1.ParWriteStatus.Error	
Controller.Micro850.Micro850.Motor.RA_PFx_ENET_STS_CMD_1.ParWriteStatus.ErrorID	
Controller.Micro850.Micro850.Motor.RA_PFx_ENET_STS_CMD_1.ParWriteStatus.ExtErrorID	
Controller.Micro850.Micro850.Motor.RA_PFx_ENET_STS_CMD_1.ParWriteStatus.StatusBits	
Controller.Micro850.Micro850.Motor.RA_PFx_ENET_STS_CMD_1.ParWriteStatus.SubErrorID	
Controller.Micro850.Micro850.Motor.RA_PFx_ENET_STS_CMD_1.ParWriteTarCfg.CipConnMode	
Controller.Micro850.Micro850.Motor.RA_PFx_ENET_STS_CMD_1.ParWriteTarCfg.ConnClose	
Controller.Micro850.Micro850.Motor.RA_PFx_ENET_STS_CMD_1.ParWriteTarCfg.ConnMsgTimeout	
Controller.Micro850.Micro850.Motor.RA_PFx_ENET_STS_CMD_1.ParWriteTarCfg.Path	
Controller.Micro850.Micro850.Motor.RA_PFx_ENET_STS_CMD_1.ParWriteTarCfg.UcmmTimeout	
Controller.Micro850.Micro850.Motor.RA_PFx_ENET_STS_CMD_1.Ready	
Controller.Micro850.Micro850.Motor.RA_PFx_ENET_STS_CMD_1.SetFwd	
Controller.Micro850.Micro850.Motor.RA_PFx_ENET_STS_CMD_1.SetRev	
Controller.Micro850.Micro850.Motor.RA_PFx_ENET_STS_CMD_1.SpeedFeedback	
Controller.Micro850.Micro850.Motor.RA_PFx_ENET_STS_CMD_1.SpeedFeedbackDiv	
Controller.Micro850.Micro850.Motor.RA_PFx_ENET_STS_CMD_1.SpeedRef	
Controller.Micro850.Micro850.Motor.RA_PFx_ENET_STS_CMD_1.Start	
Controller.Micro850.Micro850.Motor.RA_PFx_ENET_STS_CMD_1.Stop	
Controller.Micro850.Micro850.Motor.RA_PFx_ENET_STS_CMD_1.StsAppCfg.Attribute	
Controller.Micro850.Micro850.Motor.RA_PFx_ENET_STS_CMD_1.StsAppCfg.Class	
Controller.Micro850.Micro850.Motor.RA_PFx_ENET_STS_CMD_1.StsAppCfg.Instance	
Controller.Micro850.Micro850.Motor.RA_PFx_ENET_STS_CMD_1.StsAppCfg.MemberCnt	
Controller.Micro850.Micro850.Motor.RA_PFx_ENET_STS_CMD_1.StsAppCfg.MemberId[0]	
Controller.Micro850.Micro850.Motor.RA_PFx_ENET_STS_CMD_1.StsAppCfg.MemberId[1]	
Controller.Micro850.Micro850.Motor.RA_PFx_ENET_STS_CMD_1.StsAppCfg.MemberId[2]	
Controller.Micro850.Micro850.Motor.RA_PFx_ENET_STS_CMD_1.StsAppCfg.Service	
Controller.Micro850.Micro850.Motor.RA_PFx_ENET_STS_CMD_1.StsCtrlCfg.Cancel	
Controller.Micro850.Micro850.Motor.RA_PFx_ENET_STS_CMD_1.StsCtrlCfg.StrMode	
Controller.Micro850.Micro850.Motor.RA_PFx_ENET_STS_CMD_1.StsCtrlCfg.TriggerType	
Controller.Micro850.Micro850.Motor.RA_PFx_ENET_STS_CMD_1.StsResData[1]	
Controller.Micro850.Micro850.Motor.RA_PFx_ENET_STS_CMD_1.StsResData[2]	
Controller.Micro850.Micro850.Motor.RA_PFx_ENET_STS_CMD_1.StsResData[3]	
Controller.Micro850.Micro850.Motor.RA_PFx_ENET_STS_CMD_1.StsResData[4]	
Controller.Micro850.Micro850.Motor.RA_PFx_ENET_STS_CMD_1.StsTarCfg.CipConnMode	
Controller.Micro850.Micro850.Motor.RA_PFx_ENET_STS_CMD_1.StsTarCfg.ConnClose	
Controller.Micro850.Micro850.Motor.RA_PFx_ENET_STS_CMD_1.StsTarCfg.ConnMsgTimeout	
Controller.Micro850.Micro850.Motor.RA_PFx_ENET_STS_CMD_1.StsTarCfg.Path	
Controller.Micro850.Micro850.Motor.RA_PFx_ENET_STS_CMD_1.StsTarCfg.UcmmTimeout	
Controller.Micro850.Micro850.Motor.RA_PFx_ENET_STS_CMD_1.TimeOutAppCfg.Attribute	
Controller.Micro850.Micro850.Motor.RA_PFx_ENET_STS_CMD_1.TimeOutAppCfg.Class	
Controller.Micro850.Micro850.Motor.RA_PFx_ENET_STS_CMD_1.TimeOutAppCfg.Instance	
Controller.Micro850.Micro850.Motor.RA_PFx_ENET_STS_CMD_1.TimeOutAppCfg.MemberCnt	
Controller.Micro850.Micro850.Motor.RA_PFx_ENET_STS_CMD_1.TimeOutAppCfg.MemberId[0]	
Controller.Micro850.Micro850.Motor.RA_PFx_ENET_STS_CMD_1.TimeOutAppCfg.MemberId[1]	
Controller.Micro850.Micro850.Motor.RA_PFx_ENET_STS_CMD_1.TimeOutAppCfg.MemberId[2]	
Controller.Micro850.Micro850.Motor.RA_PFx_ENET_STS_CMD_1.TimeOutAppCfg.Service	
Controller.Micro850.Micro850.Motor.RA_PFx_ENET_STS_CMD_1.TimeOutCtrlCfg.Cancel	
Controller.Micro850.Micro850.Motor.RA_PFx_ENET_STS_CMD_1.TimeOutCtrlCfg.StrMode	
Controller.Micro850.Micro850.Motor.RA_PFx_ENET_STS_CMD_1.TimeOutCtrlCfg.TriggerType	
Controller.Micro850.Micro850.Motor.RA_PFx_ENET_STS_CMD_1.TimeOutReqData[1]	
Controller.Micro850.Micro850.Motor.RA_PFx_ENET_STS_CMD_1.TimeOutReqData[2]	
Controller.Micro850.Micro850.Motor.RA_PFx_ENET_STS_CMD_1.TimeOutTarCfg.CipConnMode	
Controller.Micro850.Micro850.Motor.RA_PFx_ENET_STS_CMD_1.TimeOutTarCfg.ConnClose	
Controller.Micro850.Micro850.Motor.RA_PFx_ENET_STS_CMD_1.TimeOutTarCfg.ConnMsgTimeout	
Controller.Micro850.Micro850.Motor.RA_PFx_ENET_STS_CMD_1.TimeOutTarCfg.Path	
Controller.Micro850.Micro850.Motor.RA_PFx_ENET_STS_CMD_1.TimeOutTarCfg.UcmmTimeout	
Controller.Micro850.Micro850.Motor.RA_PFx_ENET_STS_CMD_1.Uninitialized	
Controller.Micro850.Micro850.Motor.RA_PFx_ENET_STS_CMD_1.UnknownDrv	
Controller.Micro850.Micro850.Motor.RA_PFx_ENET_STS_CMD_1.UpdateRate_ms	
Controller.Micro850.Micro850.Motor.SetFwd	
Controller.Micro850.Micro850.Motor.SetRev	
Controller.Micro850.Micro850.Motor.SpeedFeedback	
Controller.Micro850.Micro850.Motor.SpeedRef	
Controller.Micro850.Micro850.Motor.Start	
Controller.Micro850.Micro850.Motor.Stop	
Controller.Micro850.Micro850.Motor.Timer0_ms	
Controller.Micro850.Micro850.Motor.Timer0_Real	
Controller.Micro850.Micro850.Motor.Timer0_s	
Controller.Micro850.Micro850.Motor.TON_1.ET	
Controller.Micro850.Micro850.Motor.TON_1.IN	
Controller.Micro850.Micro850.Motor.TON_1.Pdate	
Controller.Micro850.Micro850.Motor.TON_1.PT	
Controller.Micro850.Micro850.Motor.TON_1.Q	
Controller.Micro850.Micro850.Motor.TON_1.Redge	
Controller.Micro850.Micro850.Motor.UpdateRate_ms	
Controller.Micro850.Micro850.Motor_Enable	
Controller.Micro850.Micro850.Motor_RotateDirection	
Controller.Micro850.Micro850.Pos.AbsoluteError	
Controller.Micro850.Micro850.Pos.ATParameters.ATDynaSet	
Controller.Micro850.Micro850.Pos.ATParameters.ATReset	
Controller.Micro850.Micro850.Pos.ATParameters.Deviation	
Controller.Micro850.Micro850.Pos.ATParameters.Load	
Controller.Micro850.Micro850.Pos.ATParameters.Step	
Controller.Micro850.Micro850.Pos.ATWarning	
Controller.Micro850.Micro850.Pos.Auto	
Controller.Micro850.Micro850.Pos.AutoTune	
Controller.Micro850.Micro850.Pos.Feedback	
Controller.Micro850.Micro850.Pos.Gains.DerivativeGain	
Controller.Micro850.Micro850.Pos.Gains.DirectActing	
Controller.Micro850.Micro850.Pos.Gains.ProportionalGain	
Controller.Micro850.Micro850.Pos.Gains.TimeDerivative	
Controller.Micro850.Micro850.Pos.Gains.TimeIntegral	
Controller.Micro850.Micro850.Pos.Initialize	
Controller.Micro850.Micro850.Pos.IPIDCONTROLLER_1.AbsoluteError	
Controller.Micro850.Micro850.Pos.IPIDCONTROLLER_1.ATParameters.ATDynaSet	
Controller.Micro850.Micro850.Pos.IPIDCONTROLLER_1.ATParameters.ATReset	
Controller.Micro850.Micro850.Pos.IPIDCONTROLLER_1.ATParameters.Deviation	
Controller.Micro850.Micro850.Pos.IPIDCONTROLLER_1.ATParameters.Load	
Controller.Micro850.Micro850.Pos.IPIDCONTROLLER_1.ATParameters.Step	
Controller.Micro850.Micro850.Pos.IPIDCONTROLLER_1.ATWarning	
Controller.Micro850.Micro850.Pos.IPIDCONTROLLER_1.Auto	
Controller.Micro850.Micro850.Pos.IPIDCONTROLLER_1.AutoTune	
Controller.Micro850.Micro850.Pos.IPIDCONTROLLER_1.ErrorMode	
Controller.Micro850.Micro850.Pos.IPIDCONTROLLER_1.FeedBack	
Controller.Micro850.Micro850.Pos.IPIDCONTROLLER_1.Gains.DerivativeGain	
Controller.Micro850.Micro850.Pos.IPIDCONTROLLER_1.Gains.DirectActing	
Controller.Micro850.Micro850.Pos.IPIDCONTROLLER_1.Gains.ProportionalGain	
Controller.Micro850.Micro850.Pos.IPIDCONTROLLER_1.Gains.TimeDerivative	
Controller.Micro850.Micro850.Pos.IPIDCONTROLLER_1.Gains.TimeIntegral	
Controller.Micro850.Micro850.Pos.IPIDCONTROLLER_1.Initialize	
Controller.Micro850.Micro850.Pos.IPIDCONTROLLER_1.OutGains.DerivativeGain	
Controller.Micro850.Micro850.Pos.IPIDCONTROLLER_1.OutGains.DirectActing	
Controller.Micro850.Micro850.Pos.IPIDCONTROLLER_1.OutGains.ProportionalGain	
Controller.Micro850.Micro850.Pos.IPIDCONTROLLER_1.OutGains.TimeDerivative	
Controller.Micro850.Micro850.Pos.IPIDCONTROLLER_1.OutGains.TimeIntegral	
Controller.Micro850.Micro850.Pos.IPIDCONTROLLER_1.Output	
Controller.Micro850.Micro850.Pos.IPIDCONTROLLER_1.Process	
Controller.Micro850.Micro850.Pos.IPIDCONTROLLER_1.RESERVED_IPIDCONTROLLER[1]	
Controller.Micro850.Micro850.Pos.IPIDCONTROLLER_1.RESERVED_IPIDCONTROLLER[10]	
Controller.Micro850.Micro850.Pos.IPIDCONTROLLER_1.RESERVED_IPIDCONTROLLER[100]	
Controller.Micro850.Micro850.Pos.IPIDCONTROLLER_1.RESERVED_IPIDCONTROLLER[101]	
Controller.Micro850.Micro850.Pos.IPIDCONTROLLER_1.RESERVED_IPIDCONTROLLER[102]	
Controller.Micro850.Micro850.Pos.IPIDCONTROLLER_1.RESERVED_IPIDCONTROLLER[103]	
Controller.Micro850.Micro850.Pos.IPIDCONTROLLER_1.RESERVED_IPIDCONTROLLER[104]	
Controller.Micro850.Micro850.Pos.IPIDCONTROLLER_1.RESERVED_IPIDCONTROLLER[105]	
Controller.Micro850.Micro850.Pos.IPIDCONTROLLER_1.RESERVED_IPIDCONTROLLER[106]	
Controller.Micro850.Micro850.Pos.IPIDCONTROLLER_1.RESERVED_IPIDCONTROLLER[107]	
Controller.Micro850.Micro850.Pos.IPIDCONTROLLER_1.RESERVED_IPIDCONTROLLER[108]	
Controller.Micro850.Micro850.Pos.IPIDCONTROLLER_1.RESERVED_IPIDCONTROLLER[109]	
Controller.Micro850.Micro850.Pos.IPIDCONTROLLER_1.RESERVED_IPIDCONTROLLER[11]	
Controller.Micro850.Micro850.Pos.IPIDCONTROLLER_1.RESERVED_IPIDCONTROLLER[110]	
Controller.Micro850.Micro850.Pos.IPIDCONTROLLER_1.RESERVED_IPIDCONTROLLER[111]	
Controller.Micro850.Micro850.Pos.IPIDCONTROLLER_1.RESERVED_IPIDCONTROLLER[112]	
Controller.Micro850.Micro850.Pos.IPIDCONTROLLER_1.RESERVED_IPIDCONTROLLER[113]	
Controller.Micro850.Micro850.Pos.IPIDCONTROLLER_1.RESERVED_IPIDCONTROLLER[114]	
Controller.Micro850.Micro850.Pos.IPIDCONTROLLER_1.RESERVED_IPIDCONTROLLER[115]	
Controller.Micro850.Micro850.Pos.IPIDCONTROLLER_1.RESERVED_IPIDCONTROLLER[116]	
Controller.Micro850.Micro850.Pos.IPIDCONTROLLER_1.RESERVED_IPIDCONTROLLER[117]	
Controller.Micro850.Micro850.Pos.IPIDCONTROLLER_1.RESERVED_IPIDCONTROLLER[118]	
Controller.Micro850.Micro850.Pos.IPIDCONTROLLER_1.RESERVED_IPIDCONTROLLER[119]	
Controller.Micro850.Micro850.Pos.IPIDCONTROLLER_1.RESERVED_IPIDCONTROLLER[12]	
Controller.Micro850.Micro850.Pos.IPIDCONTROLLER_1.RESERVED_IPIDCONTROLLER[120]	
Controller.Micro850.Micro850.Pos.IPIDCONTROLLER_1.RESERVED_IPIDCONTROLLER[121]	
Controller.Micro850.Micro850.Pos.IPIDCONTROLLER_1.RESERVED_IPIDCONTROLLER[122]	
Controller.Micro850.Micro850.Pos.IPIDCONTROLLER_1.RESERVED_IPIDCONTROLLER[123]	
Controller.Micro850.Micro850.Pos.IPIDCONTROLLER_1.RESERVED_IPIDCONTROLLER[124]	
Controller.Micro850.Micro850.Pos.IPIDCONTROLLER_1.RESERVED_IPIDCONTROLLER[125]	
Controller.Micro850.Micro850.Pos.IPIDCONTROLLER_1.RESERVED_IPIDCONTROLLER[126]	
Controller.Micro850.Micro850.Pos.IPIDCONTROLLER_1.RESERVED_IPIDCONTROLLER[127]	
Controller.Micro850.Micro850.Pos.IPIDCONTROLLER_1.RESERVED_IPIDCONTROLLER[128]	
Controller.Micro850.Micro850.Pos.IPIDCONTROLLER_1.RESERVED_IPIDCONTROLLER[129]	
Controller.Micro850.Micro850.Pos.IPIDCONTROLLER_1.RESERVED_IPIDCONTROLLER[13]	
Controller.Micro850.Micro850.Pos.IPIDCONTROLLER_1.RESERVED_IPIDCONTROLLER[130]	
Controller.Micro850.Micro850.Pos.IPIDCONTROLLER_1.RESERVED_IPIDCONTROLLER[131]	
Controller.Micro850.Micro850.Pos.IPIDCONTROLLER_1.RESERVED_IPIDCONTROLLER[132]	
Controller.Micro850.Micro850.Pos.IPIDCONTROLLER_1.RESERVED_IPIDCONTROLLER[133]	
Controller.Micro850.Micro850.Pos.IPIDCONTROLLER_1.RESERVED_IPIDCONTROLLER[134]	
Controller.Micro850.Micro850.Pos.IPIDCONTROLLER_1.RESERVED_IPIDCONTROLLER[135]	
Controller.Micro850.Micro850.Pos.IPIDCONTROLLER_1.RESERVED_IPIDCONTROLLER[136]	
Controller.Micro850.Micro850.Pos.IPIDCONTROLLER_1.RESERVED_IPIDCONTROLLER[137]	
Controller.Micro850.Micro850.Pos.IPIDCONTROLLER_1.RESERVED_IPIDCONTROLLER[138]	
Controller.Micro850.Micro850.Pos.IPIDCONTROLLER_1.RESERVED_IPIDCONTROLLER[139]	
Controller.Micro850.Micro850.Pos.IPIDCONTROLLER_1.RESERVED_IPIDCONTROLLER[14]	
Controller.Micro850.Micro850.Pos.IPIDCONTROLLER_1.RESERVED_IPIDCONTROLLER[140]	
Controller.Micro850.Micro850.Pos.IPIDCONTROLLER_1.RESERVED_IPIDCONTROLLER[141]	
Controller.Micro850.Micro850.Pos.IPIDCONTROLLER_1.RESERVED_IPIDCONTROLLER[142]	
Controller.Micro850.Micro850.Pos.IPIDCONTROLLER_1.RESERVED_IPIDCONTROLLER[143]	
Controller.Micro850.Micro850.Pos.IPIDCONTROLLER_1.RESERVED_IPIDCONTROLLER[144]	
Controller.Micro850.Micro850.Pos.IPIDCONTROLLER_1.RESERVED_IPIDCONTROLLER[145]	
Controller.Micro850.Micro850.Pos.IPIDCONTROLLER_1.RESERVED_IPIDCONTROLLER[146]	
Controller.Micro850.Micro850.Pos.IPIDCONTROLLER_1.RESERVED_IPIDCONTROLLER[147]	
Controller.Micro850.Micro850.Pos.IPIDCONTROLLER_1.RESERVED_IPIDCONTROLLER[148]	
Controller.Micro850.Micro850.Pos.IPIDCONTROLLER_1.RESERVED_IPIDCONTROLLER[149]	
Controller.Micro850.Micro850.Pos.IPIDCONTROLLER_1.RESERVED_IPIDCONTROLLER[15]	
Controller.Micro850.Micro850.Pos.IPIDCONTROLLER_1.RESERVED_IPIDCONTROLLER[150]	
Controller.Micro850.Micro850.Pos.IPIDCONTROLLER_1.RESERVED_IPIDCONTROLLER[151]	
Controller.Micro850.Micro850.Pos.IPIDCONTROLLER_1.RESERVED_IPIDCONTROLLER[152]	
Controller.Micro850.Micro850.Pos.IPIDCONTROLLER_1.RESERVED_IPIDCONTROLLER[153]	
Controller.Micro850.Micro850.Pos.IPIDCONTROLLER_1.RESERVED_IPIDCONTROLLER[154]	
Controller.Micro850.Micro850.Pos.IPIDCONTROLLER_1.RESERVED_IPIDCONTROLLER[155]	
Controller.Micro850.Micro850.Pos.IPIDCONTROLLER_1.RESERVED_IPIDCONTROLLER[156]	
Controller.Micro850.Micro850.Pos.IPIDCONTROLLER_1.RESERVED_IPIDCONTROLLER[157]	
Controller.Micro850.Micro850.Pos.IPIDCONTROLLER_1.RESERVED_IPIDCONTROLLER[158]	
Controller.Micro850.Micro850.Pos.IPIDCONTROLLER_1.RESERVED_IPIDCONTROLLER[159]	
Controller.Micro850.Micro850.Pos.IPIDCONTROLLER_1.RESERVED_IPIDCONTROLLER[16]	
Controller.Micro850.Micro850.Pos.IPIDCONTROLLER_1.RESERVED_IPIDCONTROLLER[160]	
Controller.Micro850.Micro850.Pos.IPIDCONTROLLER_1.RESERVED_IPIDCONTROLLER[161]	
Controller.Micro850.Micro850.Pos.IPIDCONTROLLER_1.RESERVED_IPIDCONTROLLER[162]	
Controller.Micro850.Micro850.Pos.IPIDCONTROLLER_1.RESERVED_IPIDCONTROLLER[163]	
Controller.Micro850.Micro850.Pos.IPIDCONTROLLER_1.RESERVED_IPIDCONTROLLER[164]	
Controller.Micro850.Micro850.Pos.IPIDCONTROLLER_1.RESERVED_IPIDCONTROLLER[165]	
Controller.Micro850.Micro850.Pos.IPIDCONTROLLER_1.RESERVED_IPIDCONTROLLER[166]	
Controller.Micro850.Micro850.Pos.IPIDCONTROLLER_1.RESERVED_IPIDCONTROLLER[167]	
Controller.Micro850.Micro850.Pos.IPIDCONTROLLER_1.RESERVED_IPIDCONTROLLER[168]	
Controller.Micro850.Micro850.Pos.IPIDCONTROLLER_1.RESERVED_IPIDCONTROLLER[169]	
Controller.Micro850.Micro850.Pos.IPIDCONTROLLER_1.RESERVED_IPIDCONTROLLER[17]	
Controller.Micro850.Micro850.Pos.IPIDCONTROLLER_1.RESERVED_IPIDCONTROLLER[170]	
Controller.Micro850.Micro850.Pos.IPIDCONTROLLER_1.RESERVED_IPIDCONTROLLER[171]	
Controller.Micro850.Micro850.Pos.IPIDCONTROLLER_1.RESERVED_IPIDCONTROLLER[172]	
Controller.Micro850.Micro850.Pos.IPIDCONTROLLER_1.RESERVED_IPIDCONTROLLER[173]	
Controller.Micro850.Micro850.Pos.IPIDCONTROLLER_1.RESERVED_IPIDCONTROLLER[174]	
Controller.Micro850.Micro850.Pos.IPIDCONTROLLER_1.RESERVED_IPIDCONTROLLER[175]	
Controller.Micro850.Micro850.Pos.IPIDCONTROLLER_1.RESERVED_IPIDCONTROLLER[176]	
Controller.Micro850.Micro850.Pos.IPIDCONTROLLER_1.RESERVED_IPIDCONTROLLER[177]	
Controller.Micro850.Micro850.Pos.IPIDCONTROLLER_1.RESERVED_IPIDCONTROLLER[178]	
Controller.Micro850.Micro850.Pos.IPIDCONTROLLER_1.RESERVED_IPIDCONTROLLER[179]	
Controller.Micro850.Micro850.Pos.IPIDCONTROLLER_1.RESERVED_IPIDCONTROLLER[18]	
Controller.Micro850.Micro850.Pos.IPIDCONTROLLER_1.RESERVED_IPIDCONTROLLER[180]	
Controller.Micro850.Micro850.Pos.IPIDCONTROLLER_1.RESERVED_IPIDCONTROLLER[181]	
Controller.Micro850.Micro850.Pos.IPIDCONTROLLER_1.RESERVED_IPIDCONTROLLER[182]	
Controller.Micro850.Micro850.Pos.IPIDCONTROLLER_1.RESERVED_IPIDCONTROLLER[183]	
Controller.Micro850.Micro850.Pos.IPIDCONTROLLER_1.RESERVED_IPIDCONTROLLER[184]	
Controller.Micro850.Micro850.Pos.IPIDCONTROLLER_1.RESERVED_IPIDCONTROLLER[19]	
Controller.Micro850.Micro850.Pos.IPIDCONTROLLER_1.RESERVED_IPIDCONTROLLER[2]	
Controller.Micro850.Micro850.Pos.IPIDCONTROLLER_1.RESERVED_IPIDCONTROLLER[20]	
Controller.Micro850.Micro850.Pos.IPIDCONTROLLER_1.RESERVED_IPIDCONTROLLER[21]	
Controller.Micro850.Micro850.Pos.IPIDCONTROLLER_1.RESERVED_IPIDCONTROLLER[22]	
Controller.Micro850.Micro850.Pos.IPIDCONTROLLER_1.RESERVED_IPIDCONTROLLER[23]	
Controller.Micro850.Micro850.Pos.IPIDCONTROLLER_1.RESERVED_IPIDCONTROLLER[24]	
Controller.Micro850.Micro850.Pos.IPIDCONTROLLER_1.RESERVED_IPIDCONTROLLER[25]	
Controller.Micro850.Micro850.Pos.IPIDCONTROLLER_1.RESERVED_IPIDCONTROLLER[26]	
Controller.Micro850.Micro850.Pos.IPIDCONTROLLER_1.RESERVED_IPIDCONTROLLER[27]	
Controller.Micro850.Micro850.Pos.IPIDCONTROLLER_1.RESERVED_IPIDCONTROLLER[28]	
Controller.Micro850.Micro850.Pos.IPIDCONTROLLER_1.RESERVED_IPIDCONTROLLER[29]	
Controller.Micro850.Micro850.Pos.IPIDCONTROLLER_1.RESERVED_IPIDCONTROLLER[3]	
Controller.Micro850.Micro850.Pos.IPIDCONTROLLER_1.RESERVED_IPIDCONTROLLER[30]	
Controller.Micro850.Micro850.Pos.IPIDCONTROLLER_1.RESERVED_IPIDCONTROLLER[31]	
Controller.Micro850.Micro850.Pos.IPIDCONTROLLER_1.RESERVED_IPIDCONTROLLER[32]	
Controller.Micro850.Micro850.Pos.IPIDCONTROLLER_1.RESERVED_IPIDCONTROLLER[33]	
Controller.Micro850.Micro850.Pos.IPIDCONTROLLER_1.RESERVED_IPIDCONTROLLER[34]	
Controller.Micro850.Micro850.Pos.IPIDCONTROLLER_1.RESERVED_IPIDCONTROLLER[35]	
Controller.Micro850.Micro850.Pos.IPIDCONTROLLER_1.RESERVED_IPIDCONTROLLER[36]	
Controller.Micro850.Micro850.Pos.IPIDCONTROLLER_1.RESERVED_IPIDCONTROLLER[37]	
Controller.Micro850.Micro850.Pos.IPIDCONTROLLER_1.RESERVED_IPIDCONTROLLER[38]	
Controller.Micro850.Micro850.Pos.IPIDCONTROLLER_1.RESERVED_IPIDCONTROLLER[39]	
Controller.Micro850.Micro850.Pos.IPIDCONTROLLER_1.RESERVED_IPIDCONTROLLER[4]	
Controller.Micro850.Micro850.Pos.IPIDCONTROLLER_1.RESERVED_IPIDCONTROLLER[40]	
Controller.Micro850.Micro850.Pos.IPIDCONTROLLER_1.RESERVED_IPIDCONTROLLER[41]	
Controller.Micro850.Micro850.Pos.IPIDCONTROLLER_1.RESERVED_IPIDCONTROLLER[42]	
Controller.Micro850.Micro850.Pos.IPIDCONTROLLER_1.RESERVED_IPIDCONTROLLER[43]	
Controller.Micro850.Micro850.Pos.IPIDCONTROLLER_1.RESERVED_IPIDCONTROLLER[44]	
Controller.Micro850.Micro850.Pos.IPIDCONTROLLER_1.RESERVED_IPIDCONTROLLER[45]	
Controller.Micro850.Micro850.Pos.IPIDCONTROLLER_1.RESERVED_IPIDCONTROLLER[46]	
Controller.Micro850.Micro850.Pos.IPIDCONTROLLER_1.RESERVED_IPIDCONTROLLER[47]	
Controller.Micro850.Micro850.Pos.IPIDCONTROLLER_1.RESERVED_IPIDCONTROLLER[48]	
Controller.Micro850.Micro850.Pos.IPIDCONTROLLER_1.RESERVED_IPIDCONTROLLER[49]	
Controller.Micro850.Micro850.Pos.IPIDCONTROLLER_1.RESERVED_IPIDCONTROLLER[5]	
Controller.Micro850.Micro850.Pos.IPIDCONTROLLER_1.RESERVED_IPIDCONTROLLER[50]	
Controller.Micro850.Micro850.Pos.IPIDCONTROLLER_1.RESERVED_IPIDCONTROLLER[51]	
Controller.Micro850.Micro850.Pos.IPIDCONTROLLER_1.RESERVED_IPIDCONTROLLER[52]	
Controller.Micro850.Micro850.Pos.IPIDCONTROLLER_1.RESERVED_IPIDCONTROLLER[53]	
Controller.Micro850.Micro850.Pos.IPIDCONTROLLER_1.RESERVED_IPIDCONTROLLER[54]	
Controller.Micro850.Micro850.Pos.IPIDCONTROLLER_1.RESERVED_IPIDCONTROLLER[55]	
Controller.Micro850.Micro850.Pos.IPIDCONTROLLER_1.RESERVED_IPIDCONTROLLER[56]	
Controller.Micro850.Micro850.Pos.IPIDCONTROLLER_1.RESERVED_IPIDCONTROLLER[57]	
Controller.Micro850.Micro850.Pos.IPIDCONTROLLER_1.RESERVED_IPIDCONTROLLER[58]	
Controller.Micro850.Micro850.Pos.IPIDCONTROLLER_1.RESERVED_IPIDCONTROLLER[59]	
Controller.Micro850.Micro850.Pos.IPIDCONTROLLER_1.RESERVED_IPIDCONTROLLER[6]	
Controller.Micro850.Micro850.Pos.IPIDCONTROLLER_1.RESERVED_IPIDCONTROLLER[60]	
Controller.Micro850.Micro850.Pos.IPIDCONTROLLER_1.RESERVED_IPIDCONTROLLER[61]	
Controller.Micro850.Micro850.Pos.IPIDCONTROLLER_1.RESERVED_IPIDCONTROLLER[62]	
Controller.Micro850.Micro850.Pos.IPIDCONTROLLER_1.RESERVED_IPIDCONTROLLER[63]	
Controller.Micro850.Micro850.Pos.IPIDCONTROLLER_1.RESERVED_IPIDCONTROLLER[64]	
Controller.Micro850.Micro850.Pos.IPIDCONTROLLER_1.RESERVED_IPIDCONTROLLER[65]	
Controller.Micro850.Micro850.Pos.IPIDCONTROLLER_1.RESERVED_IPIDCONTROLLER[66]	
Controller.Micro850.Micro850.Pos.IPIDCONTROLLER_1.RESERVED_IPIDCONTROLLER[67]	
Controller.Micro850.Micro850.Pos.IPIDCONTROLLER_1.RESERVED_IPIDCONTROLLER[68]	
Controller.Micro850.Micro850.Pos.IPIDCONTROLLER_1.RESERVED_IPIDCONTROLLER[69]	
Controller.Micro850.Micro850.Pos.IPIDCONTROLLER_1.RESERVED_IPIDCONTROLLER[7]	
Controller.Micro850.Micro850.Pos.IPIDCONTROLLER_1.RESERVED_IPIDCONTROLLER[70]	
Controller.Micro850.Micro850.Pos.IPIDCONTROLLER_1.RESERVED_IPIDCONTROLLER[71]	
Controller.Micro850.Micro850.Pos.IPIDCONTROLLER_1.RESERVED_IPIDCONTROLLER[72]	
Controller.Micro850.Micro850.Pos.IPIDCONTROLLER_1.RESERVED_IPIDCONTROLLER[73]	
Controller.Micro850.Micro850.Pos.IPIDCONTROLLER_1.RESERVED_IPIDCONTROLLER[74]	
Controller.Micro850.Micro850.Pos.IPIDCONTROLLER_1.RESERVED_IPIDCONTROLLER[75]	
Controller.Micro850.Micro850.Pos.IPIDCONTROLLER_1.RESERVED_IPIDCONTROLLER[76]	
Controller.Micro850.Micro850.Pos.IPIDCONTROLLER_1.RESERVED_IPIDCONTROLLER[77]	
Controller.Micro850.Micro850.Pos.IPIDCONTROLLER_1.RESERVED_IPIDCONTROLLER[78]	
Controller.Micro850.Micro850.Pos.IPIDCONTROLLER_1.RESERVED_IPIDCONTROLLER[79]	
Controller.Micro850.Micro850.Pos.IPIDCONTROLLER_1.RESERVED_IPIDCONTROLLER[8]	
Controller.Micro850.Micro850.Pos.IPIDCONTROLLER_1.RESERVED_IPIDCONTROLLER[80]	
Controller.Micro850.Micro850.Pos.IPIDCONTROLLER_1.RESERVED_IPIDCONTROLLER[81]	
Controller.Micro850.Micro850.Pos.IPIDCONTROLLER_1.RESERVED_IPIDCONTROLLER[82]	
Controller.Micro850.Micro850.Pos.IPIDCONTROLLER_1.RESERVED_IPIDCONTROLLER[83]	
Controller.Micro850.Micro850.Pos.IPIDCONTROLLER_1.RESERVED_IPIDCONTROLLER[84]	
Controller.Micro850.Micro850.Pos.IPIDCONTROLLER_1.RESERVED_IPIDCONTROLLER[85]	
Controller.Micro850.Micro850.Pos.IPIDCONTROLLER_1.RESERVED_IPIDCONTROLLER[86]	
Controller.Micro850.Micro850.Pos.IPIDCONTROLLER_1.RESERVED_IPIDCONTROLLER[87]	
Controller.Micro850.Micro850.Pos.IPIDCONTROLLER_1.RESERVED_IPIDCONTROLLER[88]	
Controller.Micro850.Micro850.Pos.IPIDCONTROLLER_1.RESERVED_IPIDCONTROLLER[89]	
Controller.Micro850.Micro850.Pos.IPIDCONTROLLER_1.RESERVED_IPIDCONTROLLER[9]	
Controller.Micro850.Micro850.Pos.IPIDCONTROLLER_1.RESERVED_IPIDCONTROLLER[90]	
Controller.Micro850.Micro850.Pos.IPIDCONTROLLER_1.RESERVED_IPIDCONTROLLER[91]	
Controller.Micro850.Micro850.Pos.IPIDCONTROLLER_1.RESERVED_IPIDCONTROLLER[92]	
Controller.Micro850.Micro850.Pos.IPIDCONTROLLER_1.RESERVED_IPIDCONTROLLER[93]	
Controller.Micro850.Micro850.Pos.IPIDCONTROLLER_1.RESERVED_IPIDCONTROLLER[94]	
Controller.Micro850.Micro850.Pos.IPIDCONTROLLER_1.RESERVED_IPIDCONTROLLER[95]	
Controller.Micro850.Micro850.Pos.IPIDCONTROLLER_1.RESERVED_IPIDCONTROLLER[96]	
Controller.Micro850.Micro850.Pos.IPIDCONTROLLER_1.RESERVED_IPIDCONTROLLER[97]	
Controller.Micro850.Micro850.Pos.IPIDCONTROLLER_1.RESERVED_IPIDCONTROLLER[98]	
Controller.Micro850.Micro850.Pos.IPIDCONTROLLER_1.RESERVED_IPIDCONTROLLER[99]	
Controller.Micro850.Micro850.Pos.IPIDCONTROLLER_1.SetPoint	
Controller.Micro850.Micro850.Pos.OutGains.DerivativeGain	
Controller.Micro850.Micro850.Pos.OutGains.DirectActing	
Controller.Micro850.Micro850.Pos.OutGains.ProportionalGain	
Controller.Micro850.Micro850.Pos.OutGains.TimeDerivative	
Controller.Micro850.Micro850.Pos.OutGains.TimeIntegral	
Controller.Micro850.Micro850.Pos.Output	
Controller.Micro850.Micro850.Pos.Pos_Kp	
Controller.Micro850.Micro850.Pos.Pos_Td	
Controller.Micro850.Micro850.Pos.Pos_Ti	
Controller.Micro850.Micro850.Pos.Process	
Controller.Micro850.Micro850.Pos.SetPoint	
Controller.Micro850.Micro850.Pos_Error	
Controller.Micro850.Micro850.Pos_Error_Abs	
Controller.Micro850.Micro850.Pos_Error_Threshold	
Controller.Micro850.Micro850.Pos_Feedback	
Controller.Micro850.Micro850.Pos_Init	
Controller.Micro850.Micro850.Pos_Move	
Controller.Micro850.Micro850.Pos_PID_Enable	
Controller.Micro850.Micro850.Pos_Set	
Controller.Micro850.Micro850.Speed.AbsoluteError	
Controller.Micro850.Micro850.Speed.ATParameters.ATDynaSet	
Controller.Micro850.Micro850.Speed.ATParameters.ATReset	
Controller.Micro850.Micro850.Speed.ATParameters.Deviation	
Controller.Micro850.Micro850.Speed.ATParameters.Load	
Controller.Micro850.Micro850.Speed.ATParameters.Step	
Controller.Micro850.Micro850.Speed.ATWarning	
Controller.Micro850.Micro850.Speed.Auto	
Controller.Micro850.Micro850.Speed.AutoTune	
Controller.Micro850.Micro850.Speed.CYCLE	
Controller.Micro850.Micro850.Speed.DERIVATE_1.CYCLE	
Controller.Micro850.Micro850.Speed.DERIVATE_1.Date	
Controller.Micro850.Micro850.Speed.DERIVATE_1.Init	
Controller.Micro850.Micro850.Speed.DERIVATE_1.RUN	
Controller.Micro850.Micro850.Speed.DERIVATE_1.X1	
Controller.Micro850.Micro850.Speed.DERIVATE_1.X2	
Controller.Micro850.Micro850.Speed.DERIVATE_1.X3	
Controller.Micro850.Micro850.Speed.DERIVATE_1.XIN	
Controller.Micro850.Micro850.Speed.DERIVATE_1.XOUT	
Controller.Micro850.Micro850.Speed.Feedback	
Controller.Micro850.Micro850.Speed.Gains.DerivativeGain	
Controller.Micro850.Micro850.Speed.Gains.DirectActing	
Controller.Micro850.Micro850.Speed.Gains.ProportionalGain	
Controller.Micro850.Micro850.Speed.Gains.TimeDerivative	
Controller.Micro850.Micro850.Speed.Gains.TimeIntegral	
Controller.Micro850.Micro850.Speed.Initialize	
Controller.Micro850.Micro850.Speed.IPIDCONTROLLER_1.AbsoluteError	
Controller.Micro850.Micro850.Speed.IPIDCONTROLLER_1.ATParameters.ATDynaSet	
Controller.Micro850.Micro850.Speed.IPIDCONTROLLER_1.ATParameters.ATReset	
Controller.Micro850.Micro850.Speed.IPIDCONTROLLER_1.ATParameters.Deviation	
Controller.Micro850.Micro850.Speed.IPIDCONTROLLER_1.ATParameters.Load	
Controller.Micro850.Micro850.Speed.IPIDCONTROLLER_1.ATParameters.Step	
Controller.Micro850.Micro850.Speed.IPIDCONTROLLER_1.ATWarning	
Controller.Micro850.Micro850.Speed.IPIDCONTROLLER_1.Auto	
Controller.Micro850.Micro850.Speed.IPIDCONTROLLER_1.AutoTune	
Controller.Micro850.Micro850.Speed.IPIDCONTROLLER_1.ErrorMode	
Controller.Micro850.Micro850.Speed.IPIDCONTROLLER_1.FeedBack	
Controller.Micro850.Micro850.Speed.IPIDCONTROLLER_1.Gains.DerivativeGain	
Controller.Micro850.Micro850.Speed.IPIDCONTROLLER_1.Gains.DirectActing	
Controller.Micro850.Micro850.Speed.IPIDCONTROLLER_1.Gains.ProportionalGain	
Controller.Micro850.Micro850.Speed.IPIDCONTROLLER_1.Gains.TimeDerivative	
Controller.Micro850.Micro850.Speed.IPIDCONTROLLER_1.Gains.TimeIntegral	
Controller.Micro850.Micro850.Speed.IPIDCONTROLLER_1.Initialize	
Controller.Micro850.Micro850.Speed.IPIDCONTROLLER_1.OutGains.DerivativeGain	
Controller.Micro850.Micro850.Speed.IPIDCONTROLLER_1.OutGains.DirectActing	
Controller.Micro850.Micro850.Speed.IPIDCONTROLLER_1.OutGains.ProportionalGain	
Controller.Micro850.Micro850.Speed.IPIDCONTROLLER_1.OutGains.TimeDerivative	
Controller.Micro850.Micro850.Speed.IPIDCONTROLLER_1.OutGains.TimeIntegral	
Controller.Micro850.Micro850.Speed.IPIDCONTROLLER_1.Output	
Controller.Micro850.Micro850.Speed.IPIDCONTROLLER_1.Process	
Controller.Micro850.Micro850.Speed.IPIDCONTROLLER_1.RESERVED_IPIDCONTROLLER[1]	
Controller.Micro850.Micro850.Speed.IPIDCONTROLLER_1.RESERVED_IPIDCONTROLLER[10]	
Controller.Micro850.Micro850.Speed.IPIDCONTROLLER_1.RESERVED_IPIDCONTROLLER[100]	
Controller.Micro850.Micro850.Speed.IPIDCONTROLLER_1.RESERVED_IPIDCONTROLLER[101]	
Controller.Micro850.Micro850.Speed.IPIDCONTROLLER_1.RESERVED_IPIDCONTROLLER[102]	
Controller.Micro850.Micro850.Speed.IPIDCONTROLLER_1.RESERVED_IPIDCONTROLLER[103]	
Controller.Micro850.Micro850.Speed.IPIDCONTROLLER_1.RESERVED_IPIDCONTROLLER[104]	
Controller.Micro850.Micro850.Speed.IPIDCONTROLLER_1.RESERVED_IPIDCONTROLLER[105]	
Controller.Micro850.Micro850.Speed.IPIDCONTROLLER_1.RESERVED_IPIDCONTROLLER[106]	
Controller.Micro850.Micro850.Speed.IPIDCONTROLLER_1.RESERVED_IPIDCONTROLLER[107]	
Controller.Micro850.Micro850.Speed.IPIDCONTROLLER_1.RESERVED_IPIDCONTROLLER[108]	
Controller.Micro850.Micro850.Speed.IPIDCONTROLLER_1.RESERVED_IPIDCONTROLLER[109]	
Controller.Micro850.Micro850.Speed.IPIDCONTROLLER_1.RESERVED_IPIDCONTROLLER[11]	
Controller.Micro850.Micro850.Speed.IPIDCONTROLLER_1.RESERVED_IPIDCONTROLLER[110]	
Controller.Micro850.Micro850.Speed.IPIDCONTROLLER_1.RESERVED_IPIDCONTROLLER[111]	
Controller.Micro850.Micro850.Speed.IPIDCONTROLLER_1.RESERVED_IPIDCONTROLLER[112]	
Controller.Micro850.Micro850.Speed.IPIDCONTROLLER_1.RESERVED_IPIDCONTROLLER[113]	
Controller.Micro850.Micro850.Speed.IPIDCONTROLLER_1.RESERVED_IPIDCONTROLLER[114]	
Controller.Micro850.Micro850.Speed.IPIDCONTROLLER_1.RESERVED_IPIDCONTROLLER[115]	
Controller.Micro850.Micro850.Speed.IPIDCONTROLLER_1.RESERVED_IPIDCONTROLLER[116]	
Controller.Micro850.Micro850.Speed.IPIDCONTROLLER_1.RESERVED_IPIDCONTROLLER[117]	
Controller.Micro850.Micro850.Speed.IPIDCONTROLLER_1.RESERVED_IPIDCONTROLLER[118]	
Controller.Micro850.Micro850.Speed.IPIDCONTROLLER_1.RESERVED_IPIDCONTROLLER[119]	
Controller.Micro850.Micro850.Speed.IPIDCONTROLLER_1.RESERVED_IPIDCONTROLLER[12]	
Controller.Micro850.Micro850.Speed.IPIDCONTROLLER_1.RESERVED_IPIDCONTROLLER[120]	
Controller.Micro850.Micro850.Speed.IPIDCONTROLLER_1.RESERVED_IPIDCONTROLLER[121]	
Controller.Micro850.Micro850.Speed.IPIDCONTROLLER_1.RESERVED_IPIDCONTROLLER[122]	
Controller.Micro850.Micro850.Speed.IPIDCONTROLLER_1.RESERVED_IPIDCONTROLLER[123]	
Controller.Micro850.Micro850.Speed.IPIDCONTROLLER_1.RESERVED_IPIDCONTROLLER[124]	
Controller.Micro850.Micro850.Speed.IPIDCONTROLLER_1.RESERVED_IPIDCONTROLLER[125]	
Controller.Micro850.Micro850.Speed.IPIDCONTROLLER_1.RESERVED_IPIDCONTROLLER[126]	
Controller.Micro850.Micro850.Speed.IPIDCONTROLLER_1.RESERVED_IPIDCONTROLLER[127]	
Controller.Micro850.Micro850.Speed.IPIDCONTROLLER_1.RESERVED_IPIDCONTROLLER[128]	
Controller.Micro850.Micro850.Speed.IPIDCONTROLLER_1.RESERVED_IPIDCONTROLLER[129]	
Controller.Micro850.Micro850.Speed.IPIDCONTROLLER_1.RESERVED_IPIDCONTROLLER[13]	
Controller.Micro850.Micro850.Speed.IPIDCONTROLLER_1.RESERVED_IPIDCONTROLLER[130]	
Controller.Micro850.Micro850.Speed.IPIDCONTROLLER_1.RESERVED_IPIDCONTROLLER[131]	
Controller.Micro850.Micro850.Speed.IPIDCONTROLLER_1.RESERVED_IPIDCONTROLLER[132]	
Controller.Micro850.Micro850.Speed.IPIDCONTROLLER_1.RESERVED_IPIDCONTROLLER[133]	
Controller.Micro850.Micro850.Speed.IPIDCONTROLLER_1.RESERVED_IPIDCONTROLLER[134]	
Controller.Micro850.Micro850.Speed.IPIDCONTROLLER_1.RESERVED_IPIDCONTROLLER[135]	
Controller.Micro850.Micro850.Speed.IPIDCONTROLLER_1.RESERVED_IPIDCONTROLLER[136]	
Controller.Micro850.Micro850.Speed.IPIDCONTROLLER_1.RESERVED_IPIDCONTROLLER[137]	
Controller.Micro850.Micro850.Speed.IPIDCONTROLLER_1.RESERVED_IPIDCONTROLLER[138]	
Controller.Micro850.Micro850.Speed.IPIDCONTROLLER_1.RESERVED_IPIDCONTROLLER[139]	
Controller.Micro850.Micro850.Speed.IPIDCONTROLLER_1.RESERVED_IPIDCONTROLLER[14]	
Controller.Micro850.Micro850.Speed.IPIDCONTROLLER_1.RESERVED_IPIDCONTROLLER[140]	
Controller.Micro850.Micro850.Speed.IPIDCONTROLLER_1.RESERVED_IPIDCONTROLLER[141]	
Controller.Micro850.Micro850.Speed.IPIDCONTROLLER_1.RESERVED_IPIDCONTROLLER[142]	
Controller.Micro850.Micro850.Speed.IPIDCONTROLLER_1.RESERVED_IPIDCONTROLLER[143]	
Controller.Micro850.Micro850.Speed.IPIDCONTROLLER_1.RESERVED_IPIDCONTROLLER[144]	
Controller.Micro850.Micro850.Speed.IPIDCONTROLLER_1.RESERVED_IPIDCONTROLLER[145]	
Controller.Micro850.Micro850.Speed.IPIDCONTROLLER_1.RESERVED_IPIDCONTROLLER[146]	
Controller.Micro850.Micro850.Speed.IPIDCONTROLLER_1.RESERVED_IPIDCONTROLLER[147]	
Controller.Micro850.Micro850.Speed.IPIDCONTROLLER_1.RESERVED_IPIDCONTROLLER[148]	
Controller.Micro850.Micro850.Speed.IPIDCONTROLLER_1.RESERVED_IPIDCONTROLLER[149]	
Controller.Micro850.Micro850.Speed.IPIDCONTROLLER_1.RESERVED_IPIDCONTROLLER[15]	
Controller.Micro850.Micro850.Speed.IPIDCONTROLLER_1.RESERVED_IPIDCONTROLLER[150]	
Controller.Micro850.Micro850.Speed.IPIDCONTROLLER_1.RESERVED_IPIDCONTROLLER[151]	
Controller.Micro850.Micro850.Speed.IPIDCONTROLLER_1.RESERVED_IPIDCONTROLLER[152]	
Controller.Micro850.Micro850.Speed.IPIDCONTROLLER_1.RESERVED_IPIDCONTROLLER[153]	
Controller.Micro850.Micro850.Speed.IPIDCONTROLLER_1.RESERVED_IPIDCONTROLLER[154]	
Controller.Micro850.Micro850.Speed.IPIDCONTROLLER_1.RESERVED_IPIDCONTROLLER[155]	
Controller.Micro850.Micro850.Speed.IPIDCONTROLLER_1.RESERVED_IPIDCONTROLLER[156]	
Controller.Micro850.Micro850.Speed.IPIDCONTROLLER_1.RESERVED_IPIDCONTROLLER[157]	
Controller.Micro850.Micro850.Speed.IPIDCONTROLLER_1.RESERVED_IPIDCONTROLLER[158]	
Controller.Micro850.Micro850.Speed.IPIDCONTROLLER_1.RESERVED_IPIDCONTROLLER[159]	
Controller.Micro850.Micro850.Speed.IPIDCONTROLLER_1.RESERVED_IPIDCONTROLLER[16]	
Controller.Micro850.Micro850.Speed.IPIDCONTROLLER_1.RESERVED_IPIDCONTROLLER[160]	
Controller.Micro850.Micro850.Speed.IPIDCONTROLLER_1.RESERVED_IPIDCONTROLLER[161]	
Controller.Micro850.Micro850.Speed.IPIDCONTROLLER_1.RESERVED_IPIDCONTROLLER[162]	
Controller.Micro850.Micro850.Speed.IPIDCONTROLLER_1.RESERVED_IPIDCONTROLLER[163]	
Controller.Micro850.Micro850.Speed.IPIDCONTROLLER_1.RESERVED_IPIDCONTROLLER[164]	
Controller.Micro850.Micro850.Speed.IPIDCONTROLLER_1.RESERVED_IPIDCONTROLLER[165]	
Controller.Micro850.Micro850.Speed.IPIDCONTROLLER_1.RESERVED_IPIDCONTROLLER[166]	
Controller.Micro850.Micro850.Speed.IPIDCONTROLLER_1.RESERVED_IPIDCONTROLLER[167]	
Controller.Micro850.Micro850.Speed.IPIDCONTROLLER_1.RESERVED_IPIDCONTROLLER[168]	
Controller.Micro850.Micro850.Speed.IPIDCONTROLLER_1.RESERVED_IPIDCONTROLLER[169]	
Controller.Micro850.Micro850.Speed.IPIDCONTROLLER_1.RESERVED_IPIDCONTROLLER[17]	
Controller.Micro850.Micro850.Speed.IPIDCONTROLLER_1.RESERVED_IPIDCONTROLLER[170]	
Controller.Micro850.Micro850.Speed.IPIDCONTROLLER_1.RESERVED_IPIDCONTROLLER[171]	
Controller.Micro850.Micro850.Speed.IPIDCONTROLLER_1.RESERVED_IPIDCONTROLLER[172]	
Controller.Micro850.Micro850.Speed.IPIDCONTROLLER_1.RESERVED_IPIDCONTROLLER[173]	
Controller.Micro850.Micro850.Speed.IPIDCONTROLLER_1.RESERVED_IPIDCONTROLLER[174]	
Controller.Micro850.Micro850.Speed.IPIDCONTROLLER_1.RESERVED_IPIDCONTROLLER[175]	
Controller.Micro850.Micro850.Speed.IPIDCONTROLLER_1.RESERVED_IPIDCONTROLLER[176]	
Controller.Micro850.Micro850.Speed.IPIDCONTROLLER_1.RESERVED_IPIDCONTROLLER[177]	
Controller.Micro850.Micro850.Speed.IPIDCONTROLLER_1.RESERVED_IPIDCONTROLLER[178]	
Controller.Micro850.Micro850.Speed.IPIDCONTROLLER_1.RESERVED_IPIDCONTROLLER[179]	
Controller.Micro850.Micro850.Speed.IPIDCONTROLLER_1.RESERVED_IPIDCONTROLLER[18]	
Controller.Micro850.Micro850.Speed.IPIDCONTROLLER_1.RESERVED_IPIDCONTROLLER[180]	
Controller.Micro850.Micro850.Speed.IPIDCONTROLLER_1.RESERVED_IPIDCONTROLLER[181]	
Controller.Micro850.Micro850.Speed.IPIDCONTROLLER_1.RESERVED_IPIDCONTROLLER[182]	
Controller.Micro850.Micro850.Speed.IPIDCONTROLLER_1.RESERVED_IPIDCONTROLLER[183]	
Controller.Micro850.Micro850.Speed.IPIDCONTROLLER_1.RESERVED_IPIDCONTROLLER[184]	
Controller.Micro850.Micro850.Speed.IPIDCONTROLLER_1.RESERVED_IPIDCONTROLLER[19]	
Controller.Micro850.Micro850.Speed.IPIDCONTROLLER_1.RESERVED_IPIDCONTROLLER[2]	
Controller.Micro850.Micro850.Speed.IPIDCONTROLLER_1.RESERVED_IPIDCONTROLLER[20]	
Controller.Micro850.Micro850.Speed.IPIDCONTROLLER_1.RESERVED_IPIDCONTROLLER[21]	
Controller.Micro850.Micro850.Speed.IPIDCONTROLLER_1.RESERVED_IPIDCONTROLLER[22]	
Controller.Micro850.Micro850.Speed.IPIDCONTROLLER_1.RESERVED_IPIDCONTROLLER[23]	
Controller.Micro850.Micro850.Speed.IPIDCONTROLLER_1.RESERVED_IPIDCONTROLLER[24]	
Controller.Micro850.Micro850.Speed.IPIDCONTROLLER_1.RESERVED_IPIDCONTROLLER[25]	
Controller.Micro850.Micro850.Speed.IPIDCONTROLLER_1.RESERVED_IPIDCONTROLLER[26]	
Controller.Micro850.Micro850.Speed.IPIDCONTROLLER_1.RESERVED_IPIDCONTROLLER[27]	
Controller.Micro850.Micro850.Speed.IPIDCONTROLLER_1.RESERVED_IPIDCONTROLLER[28]	
Controller.Micro850.Micro850.Speed.IPIDCONTROLLER_1.RESERVED_IPIDCONTROLLER[29]	
Controller.Micro850.Micro850.Speed.IPIDCONTROLLER_1.RESERVED_IPIDCONTROLLER[3]	
Controller.Micro850.Micro850.Speed.IPIDCONTROLLER_1.RESERVED_IPIDCONTROLLER[30]	
Controller.Micro850.Micro850.Speed.IPIDCONTROLLER_1.RESERVED_IPIDCONTROLLER[31]	
Controller.Micro850.Micro850.Speed.IPIDCONTROLLER_1.RESERVED_IPIDCONTROLLER[32]	
Controller.Micro850.Micro850.Speed.IPIDCONTROLLER_1.RESERVED_IPIDCONTROLLER[33]	
Controller.Micro850.Micro850.Speed.IPIDCONTROLLER_1.RESERVED_IPIDCONTROLLER[34]	
Controller.Micro850.Micro850.Speed.IPIDCONTROLLER_1.RESERVED_IPIDCONTROLLER[35]	
Controller.Micro850.Micro850.Speed.IPIDCONTROLLER_1.RESERVED_IPIDCONTROLLER[36]	
Controller.Micro850.Micro850.Speed.IPIDCONTROLLER_1.RESERVED_IPIDCONTROLLER[37]	
Controller.Micro850.Micro850.Speed.IPIDCONTROLLER_1.RESERVED_IPIDCONTROLLER[38]	
Controller.Micro850.Micro850.Speed.IPIDCONTROLLER_1.RESERVED_IPIDCONTROLLER[39]	
Controller.Micro850.Micro850.Speed.IPIDCONTROLLER_1.RESERVED_IPIDCONTROLLER[4]	
Controller.Micro850.Micro850.Speed.IPIDCONTROLLER_1.RESERVED_IPIDCONTROLLER[40]	
Controller.Micro850.Micro850.Speed.IPIDCONTROLLER_1.RESERVED_IPIDCONTROLLER[41]	
Controller.Micro850.Micro850.Speed.IPIDCONTROLLER_1.RESERVED_IPIDCONTROLLER[42]	
Controller.Micro850.Micro850.Speed.IPIDCONTROLLER_1.RESERVED_IPIDCONTROLLER[43]	
Controller.Micro850.Micro850.Speed.IPIDCONTROLLER_1.RESERVED_IPIDCONTROLLER[44]	
Controller.Micro850.Micro850.Speed.IPIDCONTROLLER_1.RESERVED_IPIDCONTROLLER[45]	
Controller.Micro850.Micro850.Speed.IPIDCONTROLLER_1.RESERVED_IPIDCONTROLLER[46]	
Controller.Micro850.Micro850.Speed.IPIDCONTROLLER_1.RESERVED_IPIDCONTROLLER[47]	
Controller.Micro850.Micro850.Speed.IPIDCONTROLLER_1.RESERVED_IPIDCONTROLLER[48]	
Controller.Micro850.Micro850.Speed.IPIDCONTROLLER_1.RESERVED_IPIDCONTROLLER[49]	
Controller.Micro850.Micro850.Speed.IPIDCONTROLLER_1.RESERVED_IPIDCONTROLLER[5]	
Controller.Micro850.Micro850.Speed.IPIDCONTROLLER_1.RESERVED_IPIDCONTROLLER[50]	
Controller.Micro850.Micro850.Speed.IPIDCONTROLLER_1.RESERVED_IPIDCONTROLLER[51]	
Controller.Micro850.Micro850.Speed.IPIDCONTROLLER_1.RESERVED_IPIDCONTROLLER[52]	
Controller.Micro850.Micro850.Speed.IPIDCONTROLLER_1.RESERVED_IPIDCONTROLLER[53]	
Controller.Micro850.Micro850.Speed.IPIDCONTROLLER_1.RESERVED_IPIDCONTROLLER[54]	
Controller.Micro850.Micro850.Speed.IPIDCONTROLLER_1.RESERVED_IPIDCONTROLLER[55]	
Controller.Micro850.Micro850.Speed.IPIDCONTROLLER_1.RESERVED_IPIDCONTROLLER[56]	
Controller.Micro850.Micro850.Speed.IPIDCONTROLLER_1.RESERVED_IPIDCONTROLLER[57]	
Controller.Micro850.Micro850.Speed.IPIDCONTROLLER_1.RESERVED_IPIDCONTROLLER[58]	
Controller.Micro850.Micro850.Speed.IPIDCONTROLLER_1.RESERVED_IPIDCONTROLLER[59]	
Controller.Micro850.Micro850.Speed.IPIDCONTROLLER_1.RESERVED_IPIDCONTROLLER[6]	
Controller.Micro850.Micro850.Speed.IPIDCONTROLLER_1.RESERVED_IPIDCONTROLLER[60]	
Controller.Micro850.Micro850.Speed.IPIDCONTROLLER_1.RESERVED_IPIDCONTROLLER[61]	
Controller.Micro850.Micro850.Speed.IPIDCONTROLLER_1.RESERVED_IPIDCONTROLLER[62]	
Controller.Micro850.Micro850.Speed.IPIDCONTROLLER_1.RESERVED_IPIDCONTROLLER[63]	
Controller.Micro850.Micro850.Speed.IPIDCONTROLLER_1.RESERVED_IPIDCONTROLLER[64]	
Controller.Micro850.Micro850.Speed.IPIDCONTROLLER_1.RESERVED_IPIDCONTROLLER[65]	
Controller.Micro850.Micro850.Speed.IPIDCONTROLLER_1.RESERVED_IPIDCONTROLLER[66]	
Controller.Micro850.Micro850.Speed.IPIDCONTROLLER_1.RESERVED_IPIDCONTROLLER[67]	
Controller.Micro850.Micro850.Speed.IPIDCONTROLLER_1.RESERVED_IPIDCONTROLLER[68]	
Controller.Micro850.Micro850.Speed.IPIDCONTROLLER_1.RESERVED_IPIDCONTROLLER[69]	
Controller.Micro850.Micro850.Speed.IPIDCONTROLLER_1.RESERVED_IPIDCONTROLLER[7]	
Controller.Micro850.Micro850.Speed.IPIDCONTROLLER_1.RESERVED_IPIDCONTROLLER[70]	
Controller.Micro850.Micro850.Speed.IPIDCONTROLLER_1.RESERVED_IPIDCONTROLLER[71]	
Controller.Micro850.Micro850.Speed.IPIDCONTROLLER_1.RESERVED_IPIDCONTROLLER[72]	
Controller.Micro850.Micro850.Speed.IPIDCONTROLLER_1.RESERVED_IPIDCONTROLLER[73]	
Controller.Micro850.Micro850.Speed.IPIDCONTROLLER_1.RESERVED_IPIDCONTROLLER[74]	
Controller.Micro850.Micro850.Speed.IPIDCONTROLLER_1.RESERVED_IPIDCONTROLLER[75]	
Controller.Micro850.Micro850.Speed.IPIDCONTROLLER_1.RESERVED_IPIDCONTROLLER[76]	
Controller.Micro850.Micro850.Speed.IPIDCONTROLLER_1.RESERVED_IPIDCONTROLLER[77]	
Controller.Micro850.Micro850.Speed.IPIDCONTROLLER_1.RESERVED_IPIDCONTROLLER[78]	
Controller.Micro850.Micro850.Speed.IPIDCONTROLLER_1.RESERVED_IPIDCONTROLLER[79]	
Controller.Micro850.Micro850.Speed.IPIDCONTROLLER_1.RESERVED_IPIDCONTROLLER[8]	
Controller.Micro850.Micro850.Speed.IPIDCONTROLLER_1.RESERVED_IPIDCONTROLLER[80]	
Controller.Micro850.Micro850.Speed.IPIDCONTROLLER_1.RESERVED_IPIDCONTROLLER[81]	
Controller.Micro850.Micro850.Speed.IPIDCONTROLLER_1.RESERVED_IPIDCONTROLLER[82]	
Controller.Micro850.Micro850.Speed.IPIDCONTROLLER_1.RESERVED_IPIDCONTROLLER[83]	
Controller.Micro850.Micro850.Speed.IPIDCONTROLLER_1.RESERVED_IPIDCONTROLLER[84]	
Controller.Micro850.Micro850.Speed.IPIDCONTROLLER_1.RESERVED_IPIDCONTROLLER[85]	
Controller.Micro850.Micro850.Speed.IPIDCONTROLLER_1.RESERVED_IPIDCONTROLLER[86]	
Controller.Micro850.Micro850.Speed.IPIDCONTROLLER_1.RESERVED_IPIDCONTROLLER[87]	
Controller.Micro850.Micro850.Speed.IPIDCONTROLLER_1.RESERVED_IPIDCONTROLLER[88]	
Controller.Micro850.Micro850.Speed.IPIDCONTROLLER_1.RESERVED_IPIDCONTROLLER[89]	
Controller.Micro850.Micro850.Speed.IPIDCONTROLLER_1.RESERVED_IPIDCONTROLLER[9]	
Controller.Micro850.Micro850.Speed.IPIDCONTROLLER_1.RESERVED_IPIDCONTROLLER[90]	
Controller.Micro850.Micro850.Speed.IPIDCONTROLLER_1.RESERVED_IPIDCONTROLLER[91]	
Controller.Micro850.Micro850.Speed.IPIDCONTROLLER_1.RESERVED_IPIDCONTROLLER[92]	
Controller.Micro850.Micro850.Speed.IPIDCONTROLLER_1.RESERVED_IPIDCONTROLLER[93]	
Controller.Micro850.Micro850.Speed.IPIDCONTROLLER_1.RESERVED_IPIDCONTROLLER[94]	
Controller.Micro850.Micro850.Speed.IPIDCONTROLLER_1.RESERVED_IPIDCONTROLLER[95]	
Controller.Micro850.Micro850.Speed.IPIDCONTROLLER_1.RESERVED_IPIDCONTROLLER[96]	
Controller.Micro850.Micro850.Speed.IPIDCONTROLLER_1.RESERVED_IPIDCONTROLLER[97]	
Controller.Micro850.Micro850.Speed.IPIDCONTROLLER_1.RESERVED_IPIDCONTROLLER[98]	
Controller.Micro850.Micro850.Speed.IPIDCONTROLLER_1.RESERVED_IPIDCONTROLLER[99]	
Controller.Micro850.Micro850.Speed.IPIDCONTROLLER_1.SetPoint	
Controller.Micro850.Micro850.Speed.OutGains.DerivativeGain	
Controller.Micro850.Micro850.Speed.OutGains.DirectActing	
Controller.Micro850.Micro850.Speed.OutGains.ProportionalGain	
Controller.Micro850.Micro850.Speed.OutGains.TimeDerivative	
Controller.Micro850.Micro850.Speed.OutGains.TimeIntegral	
Controller.Micro850.Micro850.Speed.Output	
Controller.Micro850.Micro850.Speed.Process	
Controller.Micro850.Micro850.Speed.SetPoint	
Controller.Micro850.Micro850.Speed.Speed_Kp	
Controller.Micro850.Micro850.Speed.Speed_Td	
Controller.Micro850.Micro850.Speed.Speed_Temp	
Controller.Micro850.Micro850.Speed.Speed_Ti	
Controller.Micro850.Micro850.Speed.XIN	
Controller.Micro850.Micro850.Speed_Error	
Controller.Micro850.Micro850.Speed_Feedback	
Controller.Micro850.Micro850.Speed_Set	
Controller.Micro850.Micro850.Turnback.Timer1_ms	
Controller.Micro850.Micro850.Turnback.Timer1_Real	
Controller.Micro850.Micro850.Turnback.Timer1_s	
Controller.Micro850.Micro850.Turnback.Timer2_ms	
Controller.Micro850.Micro850.Turnback.Timer2_Real	
Controller.Micro850.Micro850.Turnback.Timer2_s	
Controller.Micro850.Micro850.Turnback.Timer3_ms	
Controller.Micro850.Micro850.Turnback.Timer3_Real	
Controller.Micro850.Micro850.Turnback.Timer3_s	
Controller.Micro850.Micro850.Turnback.TON_1.ET	
Controller.Micro850.Micro850.Turnback.TON_1.IN	
Controller.Micro850.Micro850.Turnback.TON_1.Pdate	
Controller.Micro850.Micro850.Turnback.TON_1.PT	
Controller.Micro850.Micro850.Turnback.TON_1.Q	
Controller.Micro850.Micro850.Turnback.TON_1.Redge	
Controller.Micro850.Micro850.Turnback.TON_2.ET	
Controller.Micro850.Micro850.Turnback.TON_2.IN	
Controller.Micro850.Micro850.Turnback.TON_2.Pdate	
Controller.Micro850.Micro850.Turnback.TON_2.PT	
Controller.Micro850.Micro850.Turnback.TON_2.Q	
Controller.Micro850.Micro850.Turnback.TON_2.Redge	
Controller.Micro850.Micro850.Turnback.TON_3.ET	
Controller.Micro850.Micro850.Turnback.TON_3.IN	
Controller.Micro850.Micro850.Turnback.TON_3.Pdate	
Controller.Micro850.Micro850.Turnback.TON_3.PT	
Controller.Micro850.Micro850.Turnback.TON_3.Q	
Controller.Micro850.Micro850.Turnback.TON_3.Redge	
Controller.Micro850.Micro850.Turnback_Pos1	
Controller.Micro850.Micro850.Turnback_Pos2	
Controller.Micro850.Micro850.Turnback_Pos3	
Controller.Micro850.Micro850.Turnback_Status	
Controller.Micro850.Micro850.Turnback_Time1	
Controller.Micro850.Micro850.Turnback_Time2	
Controller.Micro850.Micro850.Turnback_Time3	
